ID,Name,Surname
1500,Susan,Mccormick
1505,Grace,Finn
1505,Grace,Stanley
1505,Grace,Givens
1505,Grace,Murray
1505,Richard,Finn
1505,Richard,Stanley
1505,Richard,Givens
1505,Richard,Murray
1505,Kendall,Finn
1505,Kendall,Stanley
1505,Kendall,Givens
1505,Kendall,Murray
1505,Stephen,Finn
1505,Stephen,Stanley
1505,Stephen,Givens
1505,Stephen,Murray
1511,Ashley,Roach
1511,Ashley,Kelly
1511,Ashley,Ager
1511,Marvin,Roach
1511,Marvin,Kelly
1511,Marvin,Ager
1511,Jerry,Roach
1511,Jerry,Kelly
1511,Jerry,Ager
1513,Tammy,Erdmann
1513,Tammy,Smith
1513,Gary,Erdmann
1513,Gary,Smith
1515,Maura,Williams
1515,Maura,Hamilton
1515,Maura,Christopherso
1515,Maura,Keegan
1515,Scott,Williams
1515,Scott,Hamilton
1515,Scott,Christopherso
1515,Scott,Keegan
1515,Thomas,Williams
1515,Thomas,Hamilton
1515,Thomas,Christopherso
1515,Thomas,Keegan
1515,William,Williams
1515,William,Hamilton
1515,William,Christopherso
1515,William,Keegan
1516,Edwin,Floyd
1520,Tamera,Bash
1520,Tamera,Tyrer
1520,Tamera,Williams
1520,Tamera,Rhodes
1520,Tommy,Bash
1520,Tommy,Tyrer
1520,Tommy,Williams
1520,Tommy,Rhodes
1520,Laurence,Bash
1520,Laurence,Tyrer
1520,Laurence,Williams
1520,Laurence,Rhodes
1520,Jenifer,Bash
1520,Jenifer,Tyrer
1520,Jenifer,Williams
1520,Jenifer,Rhodes
1522,Keith,Greenman
1522,Keith,Fraley
1522,Keith,Johnson
1522,Keith,Sisk
1522,Alvin,Greenman
1522,Alvin,Fraley
1522,Alvin,Johnson
1522,Alvin,Sisk
1522,Cheryl,Greenman
1522,Cheryl,Fraley
1522,Cheryl,Johnson
1522,Cheryl,Sisk
1522,Gerald,Greenman
1522,Gerald,Fraley
1522,Gerald,Johnson
1522,Gerald,Sisk
1523,Susan,Wood
1523,Susan,Barry
1523,Susan,Hall
1523,Susan,Cirone
1523,George,Wood
1523,George,Barry
1523,George,Hall
1523,George,Cirone
1523,Vera,Wood
1523,Vera,Barry
1523,Vera,Hall
1523,Vera,Cirone
1523,Michael,Wood
1523,Michael,Barry
1523,Michael,Hall
1523,Michael,Cirone
1524,Jeannie,Niess
1524,Jeannie,Kilmer
1524,Jeannie,Burrell
1524,Walter,Niess
1524,Walter,Kilmer
1524,Walter,Burrell
1524,Lawrence,Niess
1524,Lawrence,Kilmer
1524,Lawrence,Burrell
1525,Ryan,Smith
1525,Ryan,Mulholland
1525,Ryan,Mobley
1525,Frederick,Smith
1525,Frederick,Mulholland
1525,Frederick,Mobley
1525,Mildred,Smith
1525,Mildred,Mulholland
1525,Mildred,Mobley
1528,Kenneth,Andrews
1528,Kenneth,Burgess
1528,Kenneth,Kaplan
1528,Jonathan,Andrews
1528,Jonathan,Burgess
1528,Jonathan,Kaplan
1528,Gregory,Andrews
1528,Gregory,Burgess
1528,Gregory,Kaplan
1534,Lucia,Benedetti
1534,Lucia,Jackson
1534,Lucia,Reeves
1534,Christopher,Benedetti
1534,Christopher,Jackson
1534,Christopher,Reeves
1534,Susan,Benedetti
1534,Susan,Jackson
1534,Susan,Reeves
1536,Patricia,Thompson
1536,Patricia,Voyles
1536,Patricia,Benton
1536,Patricia,Evans
1536,Tracy,Thompson
1536,Tracy,Voyles
1536,Tracy,Benton
1536,Tracy,Evans
1536,Gaynell,Thompson
1536,Gaynell,Voyles
1536,Gaynell,Benton
1536,Gaynell,Evans
1536,Carter,Thompson
1536,Carter,Voyles
1536,Carter,Benton
1536,Carter,Evans
1539,Sandra,Burger
1542,Sara,Rodriquez
1542,Sara,Byrd
1542,Sara,Streetman
1542,Angela,Rodriquez
1542,Angela,Byrd
1542,Angela,Streetman
1542,Sonya,Rodriquez
1542,Sonya,Byrd
1542,Sonya,Streetman
1549,Anna,Gibson
1549,Anna,Williams
1549,Frank,Gibson
1549,Frank,Williams
1550,Colby,Hoage
1550,Colby,Allen
1550,Regina,Hoage
1550,Regina,Allen
1553,Loretta,Harper
1553,Loretta,White
1553,Loretta,Averitt
1553,Loretta,Dansby
1553,Matthew,Harper
1553,Matthew,White
1553,Matthew,Averitt
1553,Matthew,Dansby
1553,Carrie,Harper
1553,Carrie,White
1553,Carrie,Averitt
1553,Carrie,Dansby
1553,Tina,Harper
1553,Tina,White
1553,Tina,Averitt
1553,Tina,Dansby
1555,Kathy,Preston
1555,Kathy,Lineberger
1555,Kathy,Wood
1555,Jay,Preston
1555,Jay,Lineberger
1555,Jay,Wood
1555,Derek,Preston
1555,Derek,Lineberger
1555,Derek,Wood
1557,Janet,Barns
1557,Janet,Springer
1557,Janet,Iribarren
1557,Karen,Barns
1557,Karen,Springer
1557,Karen,Iribarren
1557,Valerie,Barns
1557,Valerie,Springer
1557,Valerie,Iribarren
1559,Eleanor,Vides
1559,Eleanor,Sawyers
1559,Eleanor,Stewart
1559,Eleanor,Pridgeon
1559,Raymond,Vides
1559,Raymond,Sawyers
1559,Raymond,Stewart
1559,Raymond,Pridgeon
1559,Pamela,Vides
1559,Pamela,Sawyers
1559,Pamela,Stewart
1559,Pamela,Pridgeon
1559,Brian,Vides
1559,Brian,Sawyers
1559,Brian,Stewart
1559,Brian,Pridgeon
1565,Carmen,Johnson
1569,Eliseo,Osofsky
1570,Irina,Dodd
1570,Irina,Maye
1570,Irina,Sanders
1570,Irina,Sanders
1570,Arthur,Dodd
1570,Arthur,Maye
1570,Arthur,Sanders
1570,Arthur,Sanders
1570,Brooke,Dodd
1570,Brooke,Maye
1570,Brooke,Sanders
1570,Brooke,Sanders
1570,Roger,Dodd
1570,Roger,Maye
1570,Roger,Sanders
1570,Roger,Sanders
1571,Diane,Sabatini
1571,Diane,Sprecher
1571,Diane,Nelson
1571,Sally,Sabatini
1571,Sally,Sprecher
1571,Sally,Nelson
1571,Jerry,Sabatini
1571,Jerry,Sprecher
1571,Jerry,Nelson
1572,James,Greene
1572,James,Beaulieu
1572,Ryan,Greene
1572,Ryan,Beaulieu
1579,Dana,Woods
1582,Paul,Smyth
1582,Paul,French
1582,Carol,Smyth
1582,Carol,French
1583,William,Jordan
1584,Lucille,Crieghton
1584,Lucille,Harris
1584,Lucille,Russell
1584,Lucille,Masztal
1584,Denise,Crieghton
1584,Denise,Harris
1584,Denise,Russell
1584,Denise,Masztal
1584,Louise,Crieghton
1584,Louise,Harris
1584,Louise,Russell
1584,Louise,Masztal
1584,Maria,Crieghton
1584,Maria,Harris
1584,Maria,Russell
1584,Maria,Masztal
1586,Robert,Rodwell
1586,Robert,Matthey
1586,Freda,Rodwell
1586,Freda,Matthey
1587,Candice,Longoria
1587,Candice,Davis
1587,Nina,Longoria
1587,Nina,Davis
1588,Sean,Mccarty
1588,Sean,Wooten
1588,James,Mccarty
1588,James,Wooten
1589,Tonya,Espinoza
1589,Tonya,Dermody
1589,Tonya,Patella
1589,Crystal,Espinoza
1589,Crystal,Dermody
1589,Crystal,Patella
1589,Steven,Espinoza
1589,Steven,Dermody
1589,Steven,Patella
1591,Doreen,Stacy
1591,Doreen,Washington
1591,Doreen,Piro
1591,Doreen,Leary
1591,Ronald,Stacy
1591,Ronald,Washington
1591,Ronald,Piro
1591,Ronald,Leary
1591,Harold,Stacy
1591,Harold,Washington
1591,Harold,Piro
1591,Harold,Leary
1591,Shawna,Stacy
1591,Shawna,Washington
1591,Shawna,Piro
1591,Shawna,Leary
1592,Carla,Dunn
1592,Carla,Brown
1592,Carla,Dilworth
1592,Christine,Dunn
1592,Christine,Brown
1592,Christine,Dilworth
1592,Joseph,Dunn
1592,Joseph,Brown
1592,Joseph,Dilworth
1593,Jay,Jones
1593,Jay,Cromwell
1593,Jay,Linton
1593,Jay,Murphy
1593,Jean,Jones
1593,Jean,Cromwell
1593,Jean,Linton
1593,Jean,Murphy
1593,Teresa,Jones
1593,Teresa,Cromwell
1593,Teresa,Linton
1593,Teresa,Murphy
1593,William,Jones
1593,William,Cromwell
1593,William,Linton
1593,William,Murphy
1595,Julie,Cracchiolo
1595,Julie,Farrell
1595,Julie,Seals
1595,Julie,Norris
1595,Patricia,Cracchiolo
1595,Patricia,Farrell
1595,Patricia,Seals
1595,Patricia,Norris
1595,Deloris,Cracchiolo
1595,Deloris,Farrell
1595,Deloris,Seals
1595,Deloris,Norris
1595,Tamar,Cracchiolo
1595,Tamar,Farrell
1595,Tamar,Seals
1595,Tamar,Norris
1596,Joanne,Benefield
1596,Joanne,Scrudato
1596,Joanne,Williams
1596,Joanne,Barajas
1596,Eva,Benefield
1596,Eva,Scrudato
1596,Eva,Williams
1596,Eva,Barajas
1596,Hazel,Benefield
1596,Hazel,Scrudato
1596,Hazel,Williams
1596,Hazel,Barajas
1596,Courtney,Benefield
1596,Courtney,Scrudato
1596,Courtney,Williams
1596,Courtney,Barajas
1603,Ruby,Kluender
1604,Monroe,Berber
1604,Monroe,Merry
1604,Timothy,Berber
1604,Timothy,Merry
1607,Reginald,Johnson
1607,Reginald,Lavalley
1607,Reginald,Cox
1607,Reginald,Nikolai
1607,Jeffrey,Johnson
1607,Jeffrey,Lavalley
1607,Jeffrey,Cox
1607,Jeffrey,Nikolai
1607,Edward,Johnson
1607,Edward,Lavalley
1607,Edward,Cox
1607,Edward,Nikolai
1607,Juanita,Johnson
1607,Juanita,Lavalley
1607,Juanita,Cox
1607,Juanita,Nikolai
1608,Margarita,Gardner
1608,Margarita,Fife
1608,Mary,Gardner
1608,Mary,Fife
1613,Lisa,Sneed
1613,Lisa,Rayburn
1613,Lisa,Burchill
1613,Lisa,Cuozzo
1613,Thomas,Sneed
1613,Thomas,Rayburn
1613,Thomas,Burchill
1613,Thomas,Cuozzo
1613,Gordon,Sneed
1613,Gordon,Rayburn
1613,Gordon,Burchill
1613,Gordon,Cuozzo
1613,Joseph,Sneed
1613,Joseph,Rayburn
1613,Joseph,Burchill
1613,Joseph,Cuozzo
1616,Adrianne,Ward
1616,Adrianne,Ochoa
1616,Adrianne,Rivera
1616,Adrianne,Brown
1616,Lisa,Ward
1616,Lisa,Ochoa
1616,Lisa,Rivera
1616,Lisa,Brown
1616,Darcy,Ward
1616,Darcy,Ochoa
1616,Darcy,Rivera
1616,Darcy,Brown
1616,Rosario,Ward
1616,Rosario,Ochoa
1616,Rosario,Rivera
1616,Rosario,Brown
1619,Morris,Patrick
1619,Morris,Houghton
1619,Jeffrey,Patrick
1619,Jeffrey,Houghton
1621,Martin,Liebl
1621,Martin,Yong
1621,Martin,Bell
1621,Martin,Mcnab
1621,George,Liebl
1621,George,Yong
1621,George,Bell
1621,George,Mcnab
1621,Carl,Liebl
1621,Carl,Yong
1621,Carl,Bell
1621,Carl,Mcnab
1621,David,Liebl
1621,David,Yong
1621,David,Bell
1621,David,Mcnab
1628,Michele,Sjolander
1628,Michele,Steller
1628,Michele,Braun
1628,Daniel,Sjolander
1628,Daniel,Steller
1628,Daniel,Braun
1628,Kimberly,Sjolander
1628,Kimberly,Steller
1628,Kimberly,Braun
1629,Ella,Miller
1629,Ella,Mcdowell
1629,Jeffrey,Miller
1629,Jeffrey,Mcdowell
1634,Richard,Bryant
1635,Barbera,Vavra
1635,Barbera,Sherwood
1635,Barbera,Pierce
1635,Barbera,Alonzo
1635,Briana,Vavra
1635,Briana,Sherwood
1635,Briana,Pierce
1635,Briana,Alonzo
1635,Rosa,Vavra
1635,Rosa,Sherwood
1635,Rosa,Pierce
1635,Rosa,Alonzo
1635,Annie,Vavra
1635,Annie,Sherwood
1635,Annie,Pierce
1635,Annie,Alonzo
1643,Wanda,Case
1643,Wanda,Arroyo
1643,Wanda,Decaro
1643,Wanda,Derosa
1643,Esther,Case
1643,Esther,Arroyo
1643,Esther,Decaro
1643,Esther,Derosa
1643,Michele,Case
1643,Michele,Arroyo
1643,Michele,Decaro
1643,Michele,Derosa
1643,Michael,Case
1643,Michael,Arroyo
1643,Michael,Decaro
1643,Michael,Derosa
1645,Brittany,Rogers
1645,Brittany,Mcminn
1645,Brittany,Devers
1645,Jason,Rogers
1645,Jason,Mcminn
1645,Jason,Devers
1645,Kimberly,Rogers
1645,Kimberly,Mcminn
1645,Kimberly,Devers
1646,Wayne,Brown
1646,Wayne,Cook
1646,Wayne,Mitchell
1646,Wayne,Arias
1646,Althea,Brown
1646,Althea,Cook
1646,Althea,Mitchell
1646,Althea,Arias
1646,Helen,Brown
1646,Helen,Cook
1646,Helen,Mitchell
1646,Helen,Arias
1646,David,Brown
1646,David,Cook
1646,David,Mitchell
1646,David,Arias
1651,Alma,Nev
1651,Alma,Russell
1651,Alma,Rieke
1651,Roxana,Nev
1651,Roxana,Russell
1651,Roxana,Rieke
1651,Michael,Nev
1651,Michael,Russell
1651,Michael,Rieke
1653,Sarah,Hinrichs
1653,Sarah,Dan
1653,Sarah,Lambert
1653,Sarah,Stgermain
1653,David,Hinrichs
1653,David,Dan
1653,David,Lambert
1653,David,Stgermain
1653,Janet,Hinrichs
1653,Janet,Dan
1653,Janet,Lambert
1653,Janet,Stgermain
1653,Darrell,Hinrichs
1653,Darrell,Dan
1653,Darrell,Lambert
1653,Darrell,Stgermain
1654,Cynthia,Avery
1654,Cynthia,Crisp
1654,Cynthia,Trudel
1654,Cynthia,Higgins
1654,Valerie,Avery
1654,Valerie,Crisp
1654,Valerie,Trudel
1654,Valerie,Higgins
1654,Joshua,Avery
1654,Joshua,Crisp
1654,Joshua,Trudel
1654,Joshua,Higgins
1654,Sandra,Avery
1654,Sandra,Crisp
1654,Sandra,Trudel
1654,Sandra,Higgins
1656,Melissa,Thon
1656,Melissa,Howk
1656,Melissa,Dodson
1656,Janice,Thon
1656,Janice,Howk
1656,Janice,Dodson
1656,Robin,Thon
1656,Robin,Howk
1656,Robin,Dodson
1658,Harry,Rathbum
1658,Harry,Troxel
1658,Jeremiah,Rathbum
1658,Jeremiah,Troxel
1661,Danny,Bowen
1661,Danny,Pinto
1661,Danny,Adkins
1661,Daniel,Bowen
1661,Daniel,Pinto
1661,Daniel,Adkins
1661,Jefferson,Bowen
1661,Jefferson,Pinto
1661,Jefferson,Adkins
1662,Marlene,Vanstee
1662,Marlene,Henry
1662,Samantha,Vanstee
1662,Samantha,Henry
1663,Darnell,Rakowski
1663,Darnell,Townsend
1663,Theresia,Rakowski
1663,Theresia,Townsend
1665,Heather,Mckenzie
1665,Heather,Patel
1665,Heather,Mckenzie
1665,Judy,Mckenzie
1665,Judy,Patel
1665,Judy,Mckenzie
1665,Anthony,Mckenzie
1665,Anthony,Patel
1665,Anthony,Mckenzie
1666,Lawrence,Sheller
1666,Lawrence,Cleveland
1666,Shu,Sheller
1666,Shu,Cleveland
1667,Scott,Bell
1669,Terry,Peterson
1669,Terry,Hansen
1669,Paula,Peterson
1669,Paula,Hansen
1670,Harold,Usrey
1670,Harold,Duran
1670,Kyle,Usrey
1670,Kyle,Duran
1671,Pat,Kosmowski
1671,Pat,Cadwallader
1671,Lisa,Kosmowski
1671,Lisa,Cadwallader
1673,William,Mercer
1674,Stephanie,Sanyaro
1674,Stephanie,Jone
1674,Stephanie,Swindell
1674,Stephanie,Stevens
1674,Milagros,Sanyaro
1674,Milagros,Jone
1674,Milagros,Swindell
1674,Milagros,Stevens
1674,Diane,Sanyaro
1674,Diane,Jone
1674,Diane,Swindell
1674,Diane,Stevens
1674,Nathan,Sanyaro
1674,Nathan,Jone
1674,Nathan,Swindell
1674,Nathan,Stevens
1676,Arnold,Scott
1676,Arnold,Thompson
1676,Arnold,Johnson
1676,John,Scott
1676,John,Thompson
1676,John,Johnson
1676,Leticia,Scott
1676,Leticia,Thompson
1676,Leticia,Johnson
1677,Thomas,Whatley
1677,Thomas,Simmons
1677,Thomas,Ebeling
1677,Thomas,Cassidy
1677,Leah,Whatley
1677,Leah,Simmons
1677,Leah,Ebeling
1677,Leah,Cassidy
1677,Nancy,Whatley
1677,Nancy,Simmons
1677,Nancy,Ebeling
1677,Nancy,Cassidy
1677,Harry,Whatley
1677,Harry,Simmons
1677,Harry,Ebeling
1677,Harry,Cassidy
1682,Rose,Dowdy
1682,Rose,Fritz
1682,Kimberlee,Dowdy
1682,Kimberlee,Fritz
1683,Elizabeth,Mcaleer
1683,Elizabeth,Carroll
1683,Elizabeth,Morse
1683,Ruth,Mcaleer
1683,Ruth,Carroll
1683,Ruth,Morse
1683,Lisa,Mcaleer
1683,Lisa,Carroll
1683,Lisa,Morse
1686,Chauncey,Lark
1686,Chauncey,Knapchuck
1686,Chauncey,Joyner
1686,John,Lark
1686,John,Knapchuck
1686,John,Joyner
1686,Violet,Lark
1686,Violet,Knapchuck
1686,Violet,Joyner
1690,David,Williams
1690,David,Capriotti
1690,Jonathan,Williams
1690,Jonathan,Capriotti
1693,James,Roades
1697,Marvin,Purinton
1697,Marvin,Nowak
1697,Marvin,Salazar
1697,Trevor,Purinton
1697,Trevor,Nowak
1697,Trevor,Salazar
1697,Douglas,Purinton
1697,Douglas,Nowak
1697,Douglas,Salazar
1698,Ryan,Walter
1698,Ryan,Parado
1698,Richard,Walter
1698,Richard,Parado
1704,Susan,Orourke
1704,Susan,Smith
1704,Jay,Orourke
1704,Jay,Smith
1705,Luis,Mills
1705,Luis,Haggard
1705,Brian,Mills
1705,Brian,Haggard
1706,Lawrence,Getz
1706,Lawrence,Begum
1706,Lawrence,Hartford
1706,Lawrence,Clemons
1706,Thomas,Getz
1706,Thomas,Begum
1706,Thomas,Hartford
1706,Thomas,Clemons
1706,Maureen,Getz
1706,Maureen,Begum
1706,Maureen,Hartford
1706,Maureen,Clemons
1706,Jane,Getz
1706,Jane,Begum
1706,Jane,Hartford
1706,Jane,Clemons
1711,Alexander,Snow
1711,Alexander,Sutton
1711,Alexis,Snow
1711,Alexis,Sutton
1712,Natasha,Morrill
1712,Natasha,Ellis
1712,Natasha,Sims
1712,Natasha,Dixon
1712,Steve,Morrill
1712,Steve,Ellis
1712,Steve,Sims
1712,Steve,Dixon
1712,Isabella,Morrill
1712,Isabella,Ellis
1712,Isabella,Sims
1712,Isabella,Dixon
1712,Charles,Morrill
1712,Charles,Ellis
1712,Charles,Sims
1712,Charles,Dixon
1713,Fran,Terry
1713,Fran,Kaylor
1713,Fran,Lentz
1713,Fran,Sether
1713,Hung,Terry
1713,Hung,Kaylor
1713,Hung,Lentz
1713,Hung,Sether
1713,Kum,Terry
1713,Kum,Kaylor
1713,Kum,Lentz
1713,Kum,Sether
1713,Liza,Terry
1713,Liza,Kaylor
1713,Liza,Lentz
1713,Liza,Sether
1714,Robert,Johnson
1714,Robert,Taylor
1714,Robert,Anderson
1714,Andrew,Johnson
1714,Andrew,Taylor
1714,Andrew,Anderson
1714,Peter,Johnson
1714,Peter,Taylor
1714,Peter,Anderson
1721,Desmond,Crawford
1721,Desmond,Mcdonald
1721,Desmond,Riedl
1721,Susan,Crawford
1721,Susan,Mcdonald
1721,Susan,Riedl
1721,Dolores,Crawford
1721,Dolores,Mcdonald
1721,Dolores,Riedl
1722,Juanita,Williams
1722,Juanita,Harris
1722,Juanita,Williams
1722,Juanita,Adams
1722,Dominic,Williams
1722,Dominic,Harris
1722,Dominic,Williams
1722,Dominic,Adams
1722,Lonnie,Williams
1722,Lonnie,Harris
1722,Lonnie,Williams
1722,Lonnie,Adams
1722,Barbara,Williams
1722,Barbara,Harris
1722,Barbara,Williams
1722,Barbara,Adams
1726,Lourdes,Siegel
1726,Lourdes,Estrada
1726,Kendra,Siegel
1726,Kendra,Estrada
1731,Ricky,Melendez
1731,Ricky,Borders
1731,Maureen,Melendez
1731,Maureen,Borders
1737,James,Los
1737,James,Schneider
1737,James,Baisden
1737,James,Brown
1737,Edna,Los
1737,Edna,Schneider
1737,Edna,Baisden
1737,Edna,Brown
1737,Donna,Los
1737,Donna,Schneider
1737,Donna,Baisden
1737,Donna,Brown
1737,Stephen,Los
1737,Stephen,Schneider
1737,Stephen,Baisden
1737,Stephen,Brown
1740,Jean,Ellis
1743,Anthony,Maxim
1743,Anthony,Lehmberg
1743,Patricia,Maxim
1743,Patricia,Lehmberg
1746,Jay,Mchone
1746,Jay,Morales
1746,Jay,Lamp
1746,Jay,Pate
1746,Wm,Mchone
1746,Wm,Morales
1746,Wm,Lamp
1746,Wm,Pate
1746,John,Mchone
1746,John,Morales
1746,John,Lamp
1746,John,Pate
1746,Amanda,Mchone
1746,Amanda,Morales
1746,Amanda,Lamp
1746,Amanda,Pate
1750,Junior,Abbe
1750,Junior,Jennings
1750,Junior,Quandt
1750,Junior,Lambert
1750,Valeria,Abbe
1750,Valeria,Jennings
1750,Valeria,Quandt
1750,Valeria,Lambert
1750,James,Abbe
1750,James,Jennings
1750,James,Quandt
1750,James,Lambert
1750,Donald,Abbe
1750,Donald,Jennings
1750,Donald,Quandt
1750,Donald,Lambert
1753,Harriet,Doyle
1753,Harriet,Fortunato
1753,Harriet,Bryant
1753,Wanda,Doyle
1753,Wanda,Fortunato
1753,Wanda,Bryant
1753,Carol,Doyle
1753,Carol,Fortunato
1753,Carol,Bryant
1754,Paul,Natonabah
1754,Paul,Debarge
1754,Paul,Thompson
1754,Paul,Sneed
1754,Dayle,Natonabah
1754,Dayle,Debarge
1754,Dayle,Thompson
1754,Dayle,Sneed
1754,Rodney,Natonabah
1754,Rodney,Debarge
1754,Rodney,Thompson
1754,Rodney,Sneed
1754,Sarah,Natonabah
1754,Sarah,Debarge
1754,Sarah,Thompson
1754,Sarah,Sneed
1755,Thelma,Campbell
1755,Thelma,Hatchett
1755,Dorothy,Campbell
1755,Dorothy,Hatchett
1758,Elease,Lewis
1758,Elease,Swavely
1758,Elease,Murphy
1758,Tabitha,Lewis
1758,Tabitha,Swavely
1758,Tabitha,Murphy
1758,Jamie,Lewis
1758,Jamie,Swavely
1758,Jamie,Murphy
1760,Norma,Vrabel
1760,Norma,Morrow
1760,Norma,Gates
1760,Tommy,Vrabel
1760,Tommy,Morrow
1760,Tommy,Gates
1760,Mario,Vrabel
1760,Mario,Morrow
1760,Mario,Gates
1765,Barbara,Harper
1765,Barbara,Hernandez
1765,Brenda,Harper
1765,Brenda,Hernandez
1770,Eric,Mccorkle
1770,Eric,Smith
1770,Eric,Griffin
1770,Eric,Atkins
1770,Jennifer,Mccorkle
1770,Jennifer,Smith
1770,Jennifer,Griffin
1770,Jennifer,Atkins
1770,Lillie,Mccorkle
1770,Lillie,Smith
1770,Lillie,Griffin
1770,Lillie,Atkins
1770,Timothy,Mccorkle
1770,Timothy,Smith
1770,Timothy,Griffin
1770,Timothy,Atkins
1771,Cory,Vang
1771,Cory,Miller
1771,Cory,Ratcliff
1771,Cory,Mcaferty
1771,Pedro,Vang
1771,Pedro,Miller
1771,Pedro,Ratcliff
1771,Pedro,Mcaferty
1771,Manual,Vang
1771,Manual,Miller
1771,Manual,Ratcliff
1771,Manual,Mcaferty
1771,Teresa,Vang
1771,Teresa,Miller
1771,Teresa,Ratcliff
1771,Teresa,Mcaferty
1772,Keith,Stemple
1772,Keith,Robertson
1772,Keith,Corbitt
1772,Keith,Hill
1772,Glen,Stemple
1772,Glen,Robertson
1772,Glen,Corbitt
1772,Glen,Hill
1772,Melissa,Stemple
1772,Melissa,Robertson
1772,Melissa,Corbitt
1772,Melissa,Hill
1772,Melvin,Stemple
1772,Melvin,Robertson
1772,Melvin,Corbitt
1772,Melvin,Hill
1777,James,Escoto
1777,James,Rawlings
1777,James,Hopkins
1777,James,Summers
1777,Louis,Escoto
1777,Louis,Rawlings
1777,Louis,Hopkins
1777,Louis,Summers
1777,Harold,Escoto
1777,Harold,Rawlings
1777,Harold,Hopkins
1777,Harold,Summers
1777,Darren,Escoto
1777,Darren,Rawlings
1777,Darren,Hopkins
1777,Darren,Summers
1778,Christina,Rosas
1778,Christina,Hubbard
1778,Christina,Link
1778,Christina,Crump
1778,Rose,Rosas
1778,Rose,Hubbard
1778,Rose,Link
1778,Rose,Crump
1778,Melanie,Rosas
1778,Melanie,Hubbard
1778,Melanie,Link
1778,Melanie,Crump
1778,Frankie,Rosas
1778,Frankie,Hubbard
1778,Frankie,Link
1778,Frankie,Crump
1779,Philip,Cavanaugh
1779,Philip,King
1779,Philip,Burrell
1779,Gonzalo,Cavanaugh
1779,Gonzalo,King
1779,Gonzalo,Burrell
1779,Dennis,Cavanaugh
1779,Dennis,King
1779,Dennis,Burrell
1782,William,Bacon
1782,William,Brown
1782,William,Ferrari
1782,William,Johnson
1782,James,Bacon
1782,James,Brown
1782,James,Ferrari
1782,James,Johnson
1782,Danny,Bacon
1782,Danny,Brown
1782,Danny,Ferrari
1782,Danny,Johnson
1782,Priscilla,Bacon
1782,Priscilla,Brown
1782,Priscilla,Ferrari
1782,Priscilla,Johnson
1784,Austin,Thompson
1784,Austin,King
1784,Austin,Diaz
1784,Austin,Brown
1784,Doris,Thompson
1784,Doris,King
1784,Doris,Diaz
1784,Doris,Brown
1784,Whitney,Thompson
1784,Whitney,King
1784,Whitney,Diaz
1784,Whitney,Brown
1784,Jose,Thompson
1784,Jose,King
1784,Jose,Diaz
1784,Jose,Brown
1785,Alison,Sevier
1785,Alison,Mccain
1785,Alison,Gearhart
1785,Alison,Rodino
1785,Marjorie,Sevier
1785,Marjorie,Mccain
1785,Marjorie,Gearhart
1785,Marjorie,Rodino
1785,Robert,Sevier
1785,Robert,Mccain
1785,Robert,Gearhart
1785,Robert,Rodino
1785,Gerald,Sevier
1785,Gerald,Mccain
1785,Gerald,Gearhart
1785,Gerald,Rodino
1787,Jose,Jageman
1787,Jose,Amato
1787,Jose,Cartright
1787,Jose,Hosmer
1787,Paul,Jageman
1787,Paul,Amato
1787,Paul,Cartright
1787,Paul,Hosmer
1787,Marion,Jageman
1787,Marion,Amato
1787,Marion,Cartright
1787,Marion,Hosmer
1787,Patricia,Jageman
1787,Patricia,Amato
1787,Patricia,Cartright
1787,Patricia,Hosmer
1790,Susan,Farina
1790,Susan,Conley
1790,Susan,Ryan
1790,Susan,Jackson
1790,Eric,Farina
1790,Eric,Conley
1790,Eric,Ryan
1790,Eric,Jackson
1790,Robert,Farina
1790,Robert,Conley
1790,Robert,Ryan
1790,Robert,Jackson
1790,Brenda,Farina
1790,Brenda,Conley
1790,Brenda,Ryan
1790,Brenda,Jackson
1791,Kathleen,Watson
1791,Kathleen,Harris
1791,Tammie,Watson
1791,Tammie,Harris
1793,Kathleen,Earnest
1793,Kathleen,Boothe
1793,Kathleen,Adams
1793,Angelika,Earnest
1793,Angelika,Boothe
1793,Angelika,Adams
1793,Joan,Earnest
1793,Joan,Boothe
1793,Joan,Adams
1795,Andrew,Thomas
1795,Andrew,Jones
1795,Andrew,Doran
1795,Andrew,Lewis
1795,Gregory,Thomas
1795,Gregory,Jones
1795,Gregory,Doran
1795,Gregory,Lewis
1795,Ada,Thomas
1795,Ada,Jones
1795,Ada,Doran
1795,Ada,Lewis
1795,Julie,Thomas
1795,Julie,Jones
1795,Julie,Doran
1795,Julie,Lewis
1804,Elizbeth,Skrine
1804,Elizbeth,Prucha
1804,Elizbeth,Barrios
1804,Joseph,Skrine
1804,Joseph,Prucha
1804,Joseph,Barrios
1804,Gina,Skrine
1804,Gina,Prucha
1804,Gina,Barrios
1806,Marie,Goggin
1806,Marie,Harris
1806,Marie,Southern
1806,Marie,Byers
1806,Katherine,Goggin
1806,Katherine,Harris
1806,Katherine,Southern
1806,Katherine,Byers
1806,Erin,Goggin
1806,Erin,Harris
1806,Erin,Southern
1806,Erin,Byers
1806,Thelma,Goggin
1806,Thelma,Harris
1806,Thelma,Southern
1806,Thelma,Byers
1814,William,Ozga
1814,William,Hickey
1814,William,Littman
1814,William,Brackins
1814,Violet,Ozga
1814,Violet,Hickey
1814,Violet,Littman
1814,Violet,Brackins
1814,Gerald,Ozga
1814,Gerald,Hickey
1814,Gerald,Littman
1814,Gerald,Brackins
1814,Cheryl,Ozga
1814,Cheryl,Hickey
1814,Cheryl,Littman
1814,Cheryl,Brackins
1815,Michael,Weaver
1815,Michael,Montgomery
1815,Michael,Dick
1815,Nathaniel,Weaver
1815,Nathaniel,Montgomery
1815,Nathaniel,Dick
1815,Lorie,Weaver
1815,Lorie,Montgomery
1815,Lorie,Dick
1817,Roberta,Malachi
1819,James,Mclucas
1819,James,Dennis
1819,James,King
1819,James,Leatherman
1819,Shirley,Mclucas
1819,Shirley,Dennis
1819,Shirley,King
1819,Shirley,Leatherman
1819,Ryan,Mclucas
1819,Ryan,Dennis
1819,Ryan,King
1819,Ryan,Leatherman
1819,Kathryn,Mclucas
1819,Kathryn,Dennis
1819,Kathryn,King
1819,Kathryn,Leatherman
1820,George,Clark
1821,Michael,Gallardo
1821,Michael,Dodd
1821,Michael,Quinn
1821,Michael,Scerra
1821,Marc,Gallardo
1821,Marc,Dodd
1821,Marc,Quinn
1821,Marc,Scerra
1821,Emma,Gallardo
1821,Emma,Dodd
1821,Emma,Quinn
1821,Emma,Scerra
1821,Lillian,Gallardo
1821,Lillian,Dodd
1821,Lillian,Quinn
1821,Lillian,Scerra
1822,Matt,Morris
1822,Matt,Jones
1822,Matt,Perez
1822,Matt,Bradford
1822,Jeffrey,Morris
1822,Jeffrey,Jones
1822,Jeffrey,Perez
1822,Jeffrey,Bradford
1822,Gladys,Morris
1822,Gladys,Jones
1822,Gladys,Perez
1822,Gladys,Bradford
1822,Brenda,Morris
1822,Brenda,Jones
1822,Brenda,Perez
1822,Brenda,Bradford
1823,Michael,Camargo
1826,Linda,Sample
1826,Linda,Cruz
1826,Lauren,Sample
1826,Lauren,Cruz
1828,James,Barrett
1828,James,Forbes
1828,James,Wangler
1828,James,Mohammed
1828,Norman,Barrett
1828,Norman,Forbes
1828,Norman,Wangler
1828,Norman,Mohammed
1828,Jill,Barrett
1828,Jill,Forbes
1828,Jill,Wangler
1828,Jill,Mohammed
1828,Patrice,Barrett
1828,Patrice,Forbes
1828,Patrice,Wangler
1828,Patrice,Mohammed
1829,John,Smith
1829,John,Espinoza
1829,John,Morquecho
1829,John,Comeau
1829,Victoria,Smith
1829,Victoria,Espinoza
1829,Victoria,Morquecho
1829,Victoria,Comeau
1829,Ann,Smith
1829,Ann,Espinoza
1829,Ann,Morquecho
1829,Ann,Comeau
1829,Karen,Smith
1829,Karen,Espinoza
1829,Karen,Morquecho
1829,Karen,Comeau
1831,Jesse,Biro
1831,Jesse,Lucchesi
1831,Jesse,Thompson
1831,Petra,Biro
1831,Petra,Lucchesi
1831,Petra,Thompson
1831,Jacquelin,Biro
1831,Jacquelin,Lucchesi
1831,Jacquelin,Thompson
1840,Tammy,Hutchinson
1840,Tammy,Kitchens
1840,Mary,Hutchinson
1840,Mary,Kitchens
1841,John,Martino
1841,John,Kinder
1841,John,Mckeeman
1841,Edward,Martino
1841,Edward,Kinder
1841,Edward,Mckeeman
1841,Mary,Martino
1841,Mary,Kinder
1841,Mary,Mckeeman
1842,Debbie,Clark
1842,Debbie,Tidwell
1842,Debbie,Hackett
1842,Debbie,Brown
1842,Hollie,Clark
1842,Hollie,Tidwell
1842,Hollie,Hackett
1842,Hollie,Brown
1842,Kathleen,Clark
1842,Kathleen,Tidwell
1842,Kathleen,Hackett
1842,Kathleen,Brown
1842,George,Clark
1842,George,Tidwell
1842,George,Hackett
1842,George,Brown
1845,John,Torbert
1845,John,Roberts
1845,John,Tuttle
1845,John,Rousseau
1845,Irma,Torbert
1845,Irma,Roberts
1845,Irma,Tuttle
1845,Irma,Rousseau
1845,Patti,Torbert
1845,Patti,Roberts
1845,Patti,Tuttle
1845,Patti,Rousseau
1845,Kennith,Torbert
1845,Kennith,Roberts
1845,Kennith,Tuttle
1845,Kennith,Rousseau
1846,Beverly,Nine
1846,Beverly,Riffe
1846,Beverly,Groce
1846,Beverly,Walsh
1846,Anna,Nine
1846,Anna,Riffe
1846,Anna,Groce
1846,Anna,Walsh
1846,Iris,Nine
1846,Iris,Riffe
1846,Iris,Groce
1846,Iris,Walsh
1846,Katherine,Nine
1846,Katherine,Riffe
1846,Katherine,Groce
1846,Katherine,Walsh
1849,Margaret,Sims
1849,Margaret,Dooley
1849,Margaret,Haynes
1849,Danny,Sims
1849,Danny,Dooley
1849,Danny,Haynes
1849,Charles,Sims
1849,Charles,Dooley
1849,Charles,Haynes
1855,Jeffrey,Fisch
1855,Jeffrey,Sebastian
1855,Jeffrey,Chesley
1855,Jeffrey,Bray
1855,Wilhelmina,Fisch
1855,Wilhelmina,Sebastian
1855,Wilhelmina,Chesley
1855,Wilhelmina,Bray
1855,Adam,Fisch
1855,Adam,Sebastian
1855,Adam,Chesley
1855,Adam,Bray
1855,Barbara,Fisch
1855,Barbara,Sebastian
1855,Barbara,Chesley
1855,Barbara,Bray
1859,Jean,Brigman
1859,Jean,Harty
1859,Jean,Edmunds
1859,Robert,Brigman
1859,Robert,Harty
1859,Robert,Edmunds
1859,Benjamin,Brigman
1859,Benjamin,Harty
1859,Benjamin,Edmunds
1861,Beatrice,Burns
1865,Donna,Edwards
1865,Donna,Messenger
1865,Traci,Edwards
1865,Traci,Messenger
1871,Joe,Nevarez
1871,Joe,Kher
1871,Joe,Johnson
1871,Joe,Browne
1871,Candice,Nevarez
1871,Candice,Kher
1871,Candice,Johnson
1871,Candice,Browne
1871,Nina,Nevarez
1871,Nina,Kher
1871,Nina,Johnson
1871,Nina,Browne
1871,Natalie,Nevarez
1871,Natalie,Kher
1871,Natalie,Johnson
1871,Natalie,Browne
1873,James,Santistevan
1873,James,Wear
1873,James,Clark
1873,James,Johnson
1873,Bradley,Santistevan
1873,Bradley,Wear
1873,Bradley,Clark
1873,Bradley,Johnson
1873,Leona,Santistevan
1873,Leona,Wear
1873,Leona,Clark
1873,Leona,Johnson
1873,Lisa,Santistevan
1873,Lisa,Wear
1873,Lisa,Clark
1873,Lisa,Johnson
1878,Maureen,Rall
1878,Maureen,Sanchez
1878,Maureen,Wong
1878,Maureen,Long
1878,Chris,Rall
1878,Chris,Sanchez
1878,Chris,Wong
1878,Chris,Long
1878,Kenneth,Rall
1878,Kenneth,Sanchez
1878,Kenneth,Wong
1878,Kenneth,Long
1878,Stuart,Rall
1878,Stuart,Sanchez
1878,Stuart,Wong
1878,Stuart,Long
1885,Victor,Gutirrez
1885,Victor,Cross
1885,Victor,Taylor
1885,Anne,Gutirrez
1885,Anne,Cross
1885,Anne,Taylor
1885,Elda,Gutirrez
1885,Elda,Cross
1885,Elda,Taylor
1886,Maria,Sibley
1886,Maria,Brunson
1886,Maria,Church
1886,Hattie,Sibley
1886,Hattie,Brunson
1886,Hattie,Church
1886,Jo,Sibley
1886,Jo,Brunson
1886,Jo,Church
1889,Debra,Warren
1889,Debra,Hawkins
1889,Debra,Lasalle
1889,Debra,Dewitt
1889,Joseph,Warren
1889,Joseph,Hawkins
1889,Joseph,Lasalle
1889,Joseph,Dewitt
1889,Steven,Warren
1889,Steven,Hawkins
1889,Steven,Lasalle
1889,Steven,Dewitt
1889,Dawn,Warren
1889,Dawn,Hawkins
1889,Dawn,Lasalle
1889,Dawn,Dewitt
1897,Margaret,Mortell
1897,Margaret,Briley
1897,Daryl,Mortell
1897,Daryl,Briley
1900,Vida,Miles
1900,Vida,Paul
1900,Mario,Miles
1900,Mario,Paul
1902,Laurie,Francis
1902,Laurie,Allen
1902,Laurie,Zenz
1902,Quinn,Francis
1902,Quinn,Allen
1902,Quinn,Zenz
1902,Benjamin,Francis
1902,Benjamin,Allen
1902,Benjamin,Zenz
1911,Sharon,Taylor
1911,Sharon,White
1911,Sharon,Burton
1911,Sharon,Corathers
1911,Rosa,Taylor
1911,Rosa,White
1911,Rosa,Burton
1911,Rosa,Corathers
1911,Will,Taylor
1911,Will,White
1911,Will,Burton
1911,Will,Corathers
1911,Krista,Taylor
1911,Krista,White
1911,Krista,Burton
1911,Krista,Corathers
1914,Richard,Aguilar
1914,Richard,Peloquin
1914,Richard,Franklin
1914,Richard,Godbold
1914,Sheila,Aguilar
1914,Sheila,Peloquin
1914,Sheila,Franklin
1914,Sheila,Godbold
1914,Susan,Aguilar
1914,Susan,Peloquin
1914,Susan,Franklin
1914,Susan,Godbold
1914,Russell,Aguilar
1914,Russell,Peloquin
1914,Russell,Franklin
1914,Russell,Godbold
1915,Mellie,Welder
1915,Mellie,Towry
1915,Mellie,Marshall
1915,Mellie,Miller
1915,Maurice,Welder
1915,Maurice,Towry
1915,Maurice,Marshall
1915,Maurice,Miller
1915,Santos,Welder
1915,Santos,Towry
1915,Santos,Marshall
1915,Santos,Miller
1915,Edgar,Welder
1915,Edgar,Towry
1915,Edgar,Marshall
1915,Edgar,Miller
1917,Mildred,Drabant
1917,Mildred,Jones
1917,Mildred,Allen
1917,Mildred,Pierce
1917,Muriel,Drabant
1917,Muriel,Jones
1917,Muriel,Allen
1917,Muriel,Pierce
1917,Charles,Drabant
1917,Charles,Jones
1917,Charles,Allen
1917,Charles,Pierce
1917,Robert,Drabant
1917,Robert,Jones
1917,Robert,Allen
1917,Robert,Pierce
1918,Kevin,Wallace
1927,Shannon,Bulow
1927,Shannon,Neal
1927,Shannon,Ridgway
1927,Frank,Bulow
1927,Frank,Neal
1927,Frank,Ridgway
1927,Daniel,Bulow
1927,Daniel,Neal
1927,Daniel,Ridgway
1929,Vicki,Brogdon
1929,Vicki,Wood
1929,Vicki,Ford
1929,Robert,Brogdon
1929,Robert,Wood
1929,Robert,Ford
1929,Salvador,Brogdon
1929,Salvador,Wood
1929,Salvador,Ford
1930,Francis,Harwood
1930,Francis,Hicks
1930,Francis,Williams
1930,Francis,Ennen
1930,Edward,Harwood
1930,Edward,Hicks
1930,Edward,Williams
1930,Edward,Ennen
1930,Laura,Harwood
1930,Laura,Hicks
1930,Laura,Williams
1930,Laura,Ennen
1930,Susan,Harwood
1930,Susan,Hicks
1930,Susan,Williams
1930,Susan,Ennen
1931,Donna,Green
1931,Donna,Thomas
1931,Donna,Cooley
1931,Edwin,Green
1931,Edwin,Thomas
1931,Edwin,Cooley
1931,Gerald,Green
1931,Gerald,Thomas
1931,Gerald,Cooley
1935,John,Muraro
1935,John,Williams
1935,John,Valenzuela
1935,John,Hart
1935,Laurel,Muraro
1935,Laurel,Williams
1935,Laurel,Valenzuela
1935,Laurel,Hart
1935,Kathleen,Muraro
1935,Kathleen,Williams
1935,Kathleen,Valenzuela
1935,Kathleen,Hart
1935,Ronald,Muraro
1935,Ronald,Williams
1935,Ronald,Valenzuela
1935,Ronald,Hart
1940,David,Aguirre
1940,David,Mcadams
1940,David,Roberson
1940,David,Stover
1940,Jacob,Aguirre
1940,Jacob,Mcadams
1940,Jacob,Roberson
1940,Jacob,Stover
1940,Clayton,Aguirre
1940,Clayton,Mcadams
1940,Clayton,Roberson
1940,Clayton,Stover
1940,Lillie,Aguirre
1940,Lillie,Mcadams
1940,Lillie,Roberson
1940,Lillie,Stover
1946,Crystal,Blain
1946,Crystal,Freeman
1946,Crystal,Faulkner
1946,Crystal,Sturtevant
1946,Herbert,Blain
1946,Herbert,Freeman
1946,Herbert,Faulkner
1946,Herbert,Sturtevant
1946,Bruce,Blain
1946,Bruce,Freeman
1946,Bruce,Faulkner
1946,Bruce,Sturtevant
1946,Joy,Blain
1946,Joy,Freeman
1946,Joy,Faulkner
1946,Joy,Sturtevant
1951,Susan,Kite
1951,Susan,Mcdowell
1951,Susan,Northup
1951,Susan,Baldon
1951,Bruce,Kite
1951,Bruce,Mcdowell
1951,Bruce,Northup
1951,Bruce,Baldon
1951,Roberta,Kite
1951,Roberta,Mcdowell
1951,Roberta,Northup
1951,Roberta,Baldon
1951,Doris,Kite
1951,Doris,Mcdowell
1951,Doris,Northup
1951,Doris,Baldon
1957,Laura,Capps
1957,Laura,Keeler
1957,Laura,Plummer
1957,Timothy,Capps
1957,Timothy,Keeler
1957,Timothy,Plummer
1957,Patti,Capps
1957,Patti,Keeler
1957,Patti,Plummer
1960,Carol,Burke
1960,Carol,Hapke
1960,Carol,Martel
1960,Cynthia,Burke
1960,Cynthia,Hapke
1960,Cynthia,Martel
1960,Maria,Burke
1960,Maria,Hapke
1960,Maria,Martel
1964,Norma,Burch
1964,Norma,Valencia
1964,Norma,Hollman
1964,Norma,Dejesus
1964,Rose,Burch
1964,Rose,Valencia
1964,Rose,Hollman
1964,Rose,Dejesus
1964,Addie,Burch
1964,Addie,Valencia
1964,Addie,Hollman
1964,Addie,Dejesus
1964,David,Burch
1964,David,Valencia
1964,David,Hollman
1964,David,Dejesus
1965,Carolyn,Oneal
1965,Carolyn,Valdes
1965,Carolyn,Sawyer
1965,Carolyn,Burns
1965,Ted,Oneal
1965,Ted,Valdes
1965,Ted,Sawyer
1965,Ted,Burns
1965,Erica,Oneal
1965,Erica,Valdes
1965,Erica,Sawyer
1965,Erica,Burns
1965,Larry,Oneal
1965,Larry,Valdes
1965,Larry,Sawyer
1965,Larry,Burns
1966,Isreal,Gentile
1966,Isreal,Privitera
1966,Alva,Gentile
1966,Alva,Privitera
1968,Paul,Arch
1968,Paul,Barnes
1968,Paul,Mason
1968,Paul,Byrne
1968,Mary,Arch
1968,Mary,Barnes
1968,Mary,Mason
1968,Mary,Byrne
1968,Donna,Arch
1968,Donna,Barnes
1968,Donna,Mason
1968,Donna,Byrne
1968,Deshawn,Arch
1968,Deshawn,Barnes
1968,Deshawn,Mason
1968,Deshawn,Byrne
1976,Shirley,Kamiya
1976,Shirley,Curtin
1976,Shirley,Westmoreland
1976,Lillian,Kamiya
1976,Lillian,Curtin
1976,Lillian,Westmoreland
1976,Beverly,Kamiya
1976,Beverly,Curtin
1976,Beverly,Westmoreland
1977,Tammy,Johns
1977,Tammy,Smith
1977,Tammy,Godzik
1977,John,Johns
1977,John,Smith
1977,John,Godzik
1977,Marilyn,Johns
1977,Marilyn,Smith
1977,Marilyn,Godzik
1982,Lynn,Alonso
1982,Lynn,Swisher
1982,Lynn,Montes
1982,Julius,Alonso
1982,Julius,Swisher
1982,Julius,Montes
1982,Karen,Alonso
1982,Karen,Swisher
1982,Karen,Montes
1987,Ron,Turner
1987,Ron,Varner
1987,Brandy,Turner
1987,Brandy,Varner
1990,Corey,White
1993,Joyce,Partlow
1993,Joyce,Baker
1993,Lillian,Partlow
1993,Lillian,Baker
1996,Kathleen,Heenan
1996,Kathleen,Robinson
1996,Kathleen,Murphy
1996,Carol,Heenan
1996,Carol,Robinson
1996,Carol,Murphy
1996,Rhoda,Heenan
1996,Rhoda,Robinson
1996,Rhoda,Murphy
1501,Shaun,Marois
1501,Shaun,Turrie
1501,Shaun,Morgan
1501,Shaun,Wilson
1501,Carol,Marois
1501,Carol,Turrie
1501,Carol,Morgan
1501,Carol,Wilson
1501,Jean,Marois
1501,Jean,Turrie
1501,Jean,Morgan
1501,Jean,Wilson
1501,Mary,Marois
1501,Mary,Turrie
1501,Mary,Morgan
1501,Mary,Wilson
1507,Christopher,Flores
1507,Christopher,Byler
1507,Gertrude,Flores
1507,Gertrude,Byler
1510,Elbert,Anderson
1514,Mary,Sawyer
1514,Mary,Collett
1514,Edith,Sawyer
1514,Edith,Collett
1517,Mark,Maldonado
1517,Mark,Clements
1517,Mark,Rodriguez
1517,Mark,Carnahan
1517,Nancy,Maldonado
1517,Nancy,Clements
1517,Nancy,Rodriguez
1517,Nancy,Carnahan
1517,Mary,Maldonado
1517,Mary,Clements
1517,Mary,Rodriguez
1517,Mary,Carnahan
1517,Pat,Maldonado
1517,Pat,Clements
1517,Pat,Rodriguez
1517,Pat,Carnahan
1526,Joshua,Mccullough
1527,Monique,Walker
1527,Monique,Peterson
1527,Monique,Denham
1527,Eva,Walker
1527,Eva,Peterson
1527,Eva,Denham
1527,Billy,Walker
1527,Billy,Peterson
1527,Billy,Denham
1529,Jason,Chavez
1529,Jason,Thomen
1529,Jason,Castillo
1529,Mercedes,Chavez
1529,Mercedes,Thomen
1529,Mercedes,Castillo
1529,Charles,Chavez
1529,Charles,Thomen
1529,Charles,Castillo
1530,John,Scudder
1530,John,Goddard
1530,Julius,Scudder
1530,Julius,Goddard
1537,Joseph,Thomas
1537,Joseph,Davis
1537,Joseph,Roberts
1537,Shanna,Thomas
1537,Shanna,Davis
1537,Shanna,Roberts
1537,Mark,Thomas
1537,Mark,Davis
1537,Mark,Roberts
1538,Mary,Poulin
1538,Mary,Dyas
1538,Mary,Paulsen
1538,Mary,Givens
1538,Ruben,Poulin
1538,Ruben,Dyas
1538,Ruben,Paulsen
1538,Ruben,Givens
1538,Thomas,Poulin
1538,Thomas,Dyas
1538,Thomas,Paulsen
1538,Thomas,Givens
1538,Linda,Poulin
1538,Linda,Dyas
1538,Linda,Paulsen
1538,Linda,Givens
1541,Theresa,Goodman
1547,Erin,Thivierge
1547,Erin,Meyerott
1547,Erin,Firestine
1547,Erin,Davis
1547,John,Thivierge
1547,John,Meyerott
1547,John,Firestine
1547,John,Davis
1547,Jesus,Thivierge
1547,Jesus,Meyerott
1547,Jesus,Firestine
1547,Jesus,Davis
1547,Alex,Thivierge
1547,Alex,Meyerott
1547,Alex,Firestine
1547,Alex,Davis
1551,Fred,Bernardo
1551,Fred,Clarke
1551,Fred,Cross
1551,Fred,Quinn
1551,Lacey,Bernardo
1551,Lacey,Clarke
1551,Lacey,Cross
1551,Lacey,Quinn
1551,Dulce,Bernardo
1551,Dulce,Clarke
1551,Dulce,Cross
1551,Dulce,Quinn
1551,Robert,Bernardo
1551,Robert,Clarke
1551,Robert,Cross
1551,Robert,Quinn
1558,Stacy,Moser
1558,Stacy,Klug
1558,Stacy,Lopez
1558,Stacy,Danger
1558,Adam,Moser
1558,Adam,Klug
1558,Adam,Lopez
1558,Adam,Danger
1558,Mark,Moser
1558,Mark,Klug
1558,Mark,Lopez
1558,Mark,Danger
1558,Paul,Moser
1558,Paul,Klug
1558,Paul,Lopez
1558,Paul,Danger
1561,Leonard,Tejeiro
1561,Leonard,Mcginnis
1561,David,Tejeiro
1561,David,Mcginnis
1562,Ramiro,Varner
1562,Ramiro,Pinkert
1562,Ramiro,Johnson
1562,Ramiro,Scheller
1562,Ariel,Varner
1562,Ariel,Pinkert
1562,Ariel,Johnson
1562,Ariel,Scheller
1562,Edwin,Varner
1562,Edwin,Pinkert
1562,Edwin,Johnson
1562,Edwin,Scheller
1562,Barbara,Varner
1562,Barbara,Pinkert
1562,Barbara,Johnson
1562,Barbara,Scheller
1566,James,Morabito
1566,James,Mattern
1566,James,Curry
1566,Brian,Morabito
1566,Brian,Mattern
1566,Brian,Curry
1566,Darren,Morabito
1566,Darren,Mattern
1566,Darren,Curry
1568,Joseph,Wordlaw
1568,Joseph,Mason
1568,Judith,Wordlaw
1568,Judith,Mason
1575,Matthew,Yantzer
1575,Matthew,Cassette
1575,Matthew,Clark
1575,Matthew,Cook
1575,Steve,Yantzer
1575,Steve,Cassette
1575,Steve,Clark
1575,Steve,Cook
1575,Patti,Yantzer
1575,Patti,Cassette
1575,Patti,Clark
1575,Patti,Cook
1575,Karen,Yantzer
1575,Karen,Cassette
1575,Karen,Clark
1575,Karen,Cook
1578,Christopher,Dugat
1578,Christopher,Benesh
1578,Christopher,Bresnahan
1578,Christopher,Lopez
1578,Janice,Dugat
1578,Janice,Benesh
1578,Janice,Bresnahan
1578,Janice,Lopez
1578,Mark,Dugat
1578,Mark,Benesh
1578,Mark,Bresnahan
1578,Mark,Lopez
1578,Eric,Dugat
1578,Eric,Benesh
1578,Eric,Bresnahan
1578,Eric,Lopez
1580,David,Pettrey
1580,David,Nordman
1580,Donald,Pettrey
1580,Donald,Nordman
1598,William,Paige
1602,Tommy,Hinman
1602,Tommy,Raynor
1602,Tommy,Allen
1602,Tommy,Hatch
1602,Margo,Hinman
1602,Margo,Raynor
1602,Margo,Allen
1602,Margo,Hatch
1602,Dorothy,Hinman
1602,Dorothy,Raynor
1602,Dorothy,Allen
1602,Dorothy,Hatch
1602,Terry,Hinman
1602,Terry,Raynor
1602,Terry,Allen
1602,Terry,Hatch
1612,Benedict,Amezquita
1624,Kimberlie,Johnson
1624,Kimberlie,Butler
1624,Kimberlie,Mortensen
1624,Kimberlie,Estrada
1624,Julie,Johnson
1624,Julie,Butler
1624,Julie,Mortensen
1624,Julie,Estrada
1624,Gregory,Johnson
1624,Gregory,Butler
1624,Gregory,Mortensen
1624,Gregory,Estrada
1624,Clifford,Johnson
1624,Clifford,Butler
1624,Clifford,Mortensen
1624,Clifford,Estrada
1630,Ann,Cobb
1630,Ann,Lizarraga
1630,Ann,Wood
1630,Katrina,Cobb
1630,Katrina,Lizarraga
1630,Katrina,Wood
1630,Mary,Cobb
1630,Mary,Lizarraga
1630,Mary,Wood
1640,Sharon,Borgen
1640,Sharon,Dingee
1640,Sharon,Bowey
1640,Jacob,Borgen
1640,Jacob,Dingee
1640,Jacob,Bowey
1640,David,Borgen
1640,David,Dingee
1640,David,Bowey
1644,Archie,Brock
1648,Stephen,Lewis
1648,Stephen,Russell
1648,Stephen,Barefield
1648,Kevin,Lewis
1648,Kevin,Russell
1648,Kevin,Barefield
1648,Robert,Lewis
1648,Robert,Russell
1648,Robert,Barefield
1657,Nicholas,Simpson
1657,Nicholas,Wood
1657,Harry,Simpson
1657,Harry,Wood
1659,Linda,Harris
1659,Linda,Griffin
1659,Linda,Smith
1659,Brian,Harris
1659,Brian,Griffin
1659,Brian,Smith
1659,Darrell,Harris
1659,Darrell,Griffin
1659,Darrell,Smith
1660,Nancy,Gunnels
1660,Nancy,Reyes
1660,Nancy,Lopez
1660,Joyce,Gunnels
1660,Joyce,Reyes
1660,Joyce,Lopez
1660,Roger,Gunnels
1660,Roger,Reyes
1660,Roger,Lopez
1668,Judith,Harry
1668,Judith,Sigler
1668,Judith,Dickson
1668,John,Harry
1668,John,Sigler
1668,John,Dickson
1668,Richard,Harry
1668,Richard,Sigler
1668,Richard,Dickson
1680,Robert,Goins
1680,Robert,Flores
1680,Robert,Bradley
1680,Robert,Childs
1680,George,Goins
1680,George,Flores
1680,George,Bradley
1680,George,Childs
1680,John,Goins
1680,John,Flores
1680,John,Bradley
1680,John,Childs
1680,Bruce,Goins
1680,Bruce,Flores
1680,Bruce,Bradley
1680,Bruce,Childs
1699,Elnora,Knodel
1699,Elnora,Johnston
1699,Elnora,Velasquez
1699,Edwin,Knodel
1699,Edwin,Johnston
1699,Edwin,Velasquez
1699,Brad,Knodel
1699,Brad,Johnston
1699,Brad,Velasquez
1700,Elizabeth,Murphy
1700,Elizabeth,Toan
1700,Brad,Murphy
1700,Brad,Toan
1701,John,Yan
1715,Charlene,Stephenson
1715,Charlene,Weathers
1715,Terry,Stephenson
1715,Terry,Weathers
1719,Sarah,Dressler
1719,Sarah,Dunkel
1719,Brian,Dressler
1719,Brian,Dunkel
1723,Billy,Torres
1727,Rachel,Shapiro
1727,Rachel,Danforth
1727,Rachel,Burkholder
1727,Victoria,Shapiro
1727,Victoria,Danforth
1727,Victoria,Burkholder
1727,Brenda,Shapiro
1727,Brenda,Danforth
1727,Brenda,Burkholder
1730,Mattie,Mcguire
1735,Jason,Garza
1735,Jason,Richardson
1735,Jason,Baadsgaard
1735,Karl,Garza
1735,Karl,Richardson
1735,Karl,Baadsgaard
1735,Sidney,Garza
1735,Sidney,Richardson
1735,Sidney,Baadsgaard
1736,Evelyn,Pollard
1736,Evelyn,Carrell
1736,Andre,Pollard
1736,Andre,Carrell
1748,Ethel,Banks
1748,Ethel,Cooper
1748,Ethel,Travis
1748,Shawn,Banks
1748,Shawn,Cooper
1748,Shawn,Travis
1748,Marco,Banks
1748,Marco,Cooper
1748,Marco,Travis
1749,Kathy,Scott
1756,Russell,Powell
1762,Lily,Young
1764,August,Hinnenkamp
1764,August,Vogt
1764,August,Watkins
1764,Rose,Hinnenkamp
1764,Rose,Vogt
1764,Rose,Watkins
1764,Nelson,Hinnenkamp
1764,Nelson,Vogt
1764,Nelson,Watkins
1766,Mitchell,Wicklund
1766,Mitchell,Bluestein
1766,Mitchell,Marr
1766,Mitchell,Parrales
1766,Earl,Wicklund
1766,Earl,Bluestein
1766,Earl,Marr
1766,Earl,Parrales
1766,Julia,Wicklund
1766,Julia,Bluestein
1766,Julia,Marr
1766,Julia,Parrales
1766,David,Wicklund
1766,David,Bluestein
1766,David,Marr
1766,David,Parrales
1773,Helen,Vega
1773,Helen,Brockman
1773,Helen,Alexander
1773,Kevin,Vega
1773,Kevin,Brockman
1773,Kevin,Alexander
1773,Marjorie,Vega
1773,Marjorie,Brockman
1773,Marjorie,Alexander
1774,Keesha,Garica
1774,Keesha,Dodson
1774,Keesha,Anderson
1774,Elizabeth,Garica
1774,Elizabeth,Dodson
1774,Elizabeth,Anderson
1774,Bernard,Garica
1774,Bernard,Dodson
1774,Bernard,Anderson
1783,Mary,Prehn
1783,Mary,Sanchez
1783,Mary,Fryer
1783,Mary,Stremming
1783,Elva,Prehn
1783,Elva,Sanchez
1783,Elva,Fryer
1783,Elva,Stremming
1783,Harry,Prehn
1783,Harry,Sanchez
1783,Harry,Fryer
1783,Harry,Stremming
1783,Shirley,Prehn
1783,Shirley,Sanchez
1783,Shirley,Fryer
1783,Shirley,Stremming
1788,Dorothy,Townsend
1788,Dorothy,Lanz
1788,Carolyn,Townsend
1788,Carolyn,Lanz
1794,Kurtis,Charles
1794,Kurtis,Stephens
1794,Kurtis,Rodrequez
1794,Kurtis,Crum
1794,Joseph,Charles
1794,Joseph,Stephens
1794,Joseph,Rodrequez
1794,Joseph,Crum
1794,Kenneth,Charles
1794,Kenneth,Stephens
1794,Kenneth,Rodrequez
1794,Kenneth,Crum
1794,Rodney,Charles
1794,Rodney,Stephens
1794,Rodney,Rodrequez
1794,Rodney,Crum
1805,Ashley,Castle
1805,Ashley,Hanson
1805,David,Castle
1805,David,Hanson
1811,Joshua,Campbell
1811,Joshua,Gayle
1811,Joshua,Jone
1811,Henry,Campbell
1811,Henry,Gayle
1811,Henry,Jone
1811,Jennifer,Campbell
1811,Jennifer,Gayle
1811,Jennifer,Jone
1813,Joan,Allen
1816,Anita,Lewis
1816,Anita,Brown
1816,Anita,Thornley
1816,Lisa,Lewis
1816,Lisa,Brown
1816,Lisa,Thornley
1816,Joel,Lewis
1816,Joel,Brown
1816,Joel,Thornley
1832,Mable,Baxter
1832,Mable,Steen
1832,Mable,Yip
1832,Lana,Baxter
1832,Lana,Steen
1832,Lana,Yip
1832,Charles,Baxter
1832,Charles,Steen
1832,Charles,Yip
1836,Pamela,Spiker
1836,Pamela,Gomes
1836,Pamela,Garcia
1836,Pamela,Dobbins
1836,William,Spiker
1836,William,Gomes
1836,William,Garcia
1836,William,Dobbins
1836,Barbara,Spiker
1836,Barbara,Gomes
1836,Barbara,Garcia
1836,Barbara,Dobbins
1836,Donald,Spiker
1836,Donald,Gomes
1836,Donald,Garcia
1836,Donald,Dobbins
1837,Gregory,Love
1837,Gregory,Austell
1837,Gregory,Burgess
1837,Gregory,Balas
1837,Shelly,Love
1837,Shelly,Austell
1837,Shelly,Burgess
1837,Shelly,Balas
1837,David,Love
1837,David,Austell
1837,David,Burgess
1837,David,Balas
1837,Mike,Love
1837,Mike,Austell
1837,Mike,Burgess
1837,Mike,Balas
1843,Shari,Cada
1843,Shari,Coryell
1843,Norberto,Cada
1843,Norberto,Coryell
1852,John,Perez
1852,John,Henderson
1852,John,Bligen
1852,John,Macmillan
1852,Lillian,Perez
1852,Lillian,Henderson
1852,Lillian,Bligen
1852,Lillian,Macmillan
1852,Catherine,Perez
1852,Catherine,Henderson
1852,Catherine,Bligen
1852,Catherine,Macmillan
1852,Harlan,Perez
1852,Harlan,Henderson
1852,Harlan,Bligen
1852,Harlan,Macmillan
1857,Gabriel,Scolaro
1857,Gabriel,Messer
1857,Gabriel,Shumaker
1857,Gabriel,Hua
1857,Jillian,Scolaro
1857,Jillian,Messer
1857,Jillian,Shumaker
1857,Jillian,Hua
1857,Francis,Scolaro
1857,Francis,Messer
1857,Francis,Shumaker
1857,Francis,Hua
1857,Joshua,Scolaro
1857,Joshua,Messer
1857,Joshua,Shumaker
1857,Joshua,Hua
1860,Jarrod,Greene
1860,Jarrod,Jones
1860,Jarrod,Ball
1860,Robert,Greene
1860,Robert,Jones
1860,Robert,Ball
1860,Evan,Greene
1860,Evan,Jones
1860,Evan,Ball
1862,Dewey,Anderson
1862,Dewey,Quigley
1862,Dewey,Cohn
1862,Dewey,Davis
1862,Janet,Anderson
1862,Janet,Quigley
1862,Janet,Cohn
1862,Janet,Davis
1862,Cruz,Anderson
1862,Cruz,Quigley
1862,Cruz,Cohn
1862,Cruz,Davis
1862,Garth,Anderson
1862,Garth,Quigley
1862,Garth,Cohn
1862,Garth,Davis
1867,Crystal,Pulse
1867,Crystal,Rosiles
1867,Crystal,Waters
1867,Robert,Pulse
1867,Robert,Rosiles
1867,Robert,Waters
1867,Timothy,Pulse
1867,Timothy,Rosiles
1867,Timothy,Waters
1868,Melissa,Cropley
1868,Melissa,Hickmon
1868,Melissa,Espinoza
1868,Melissa,Jones
1868,Marcus,Cropley
1868,Marcus,Hickmon
1868,Marcus,Espinoza
1868,Marcus,Jones
1868,Gary,Cropley
1868,Gary,Hickmon
1868,Gary,Espinoza
1868,Gary,Jones
1868,Annette,Cropley
1868,Annette,Hickmon
1868,Annette,Espinoza
1868,Annette,Jones
1869,Megan,Fairbanks
1869,Megan,Laite
1869,Megan,Rice
1869,Megan,Helland
1869,Christian,Fairbanks
1869,Christian,Laite
1869,Christian,Rice
1869,Christian,Helland
1869,Frank,Fairbanks
1869,Frank,Laite
1869,Frank,Rice
1869,Frank,Helland
1869,Eileen,Fairbanks
1869,Eileen,Laite
1869,Eileen,Rice
1869,Eileen,Helland
1875,Althea,Radford
1875,Althea,Gibbs
1875,Althea,Murphy
1875,Betty,Radford
1875,Betty,Gibbs
1875,Betty,Murphy
1875,Elena,Radford
1875,Elena,Gibbs
1875,Elena,Murphy
1880,Rachel,Polk
1880,Rachel,Sanchez
1880,Rachel,Agnew
1880,William,Polk
1880,William,Sanchez
1880,William,Agnew
1880,Maria,Polk
1880,Maria,Sanchez
1880,Maria,Agnew
1881,Pearl,Schmitmeyer
1881,Pearl,Stillwell
1881,Maurice,Schmitmeyer
1881,Maurice,Stillwell
1891,Barbara,Denny
1891,Barbara,Samuel
1891,Barbara,Parks
1891,Barbara,Erickson
1891,Karen,Denny
1891,Karen,Samuel
1891,Karen,Parks
1891,Karen,Erickson
1891,Mary,Denny
1891,Mary,Samuel
1891,Mary,Parks
1891,Mary,Erickson
1891,Joesph,Denny
1891,Joesph,Samuel
1891,Joesph,Parks
1891,Joesph,Erickson
1894,Stephen,Ellender
1894,Stephen,Paras
1894,Stephen,Lindemann
1894,Kerri,Ellender
1894,Kerri,Paras
1894,Kerri,Lindemann
1894,Lionel,Ellender
1894,Lionel,Paras
1894,Lionel,Lindemann
1895,Michael,Hall
1895,Michael,Smith
1895,Emma,Hall
1895,Emma,Smith
1896,Jennifer,Edmisten
1896,Jennifer,Charles
1896,Jennifer,Fellman
1896,Jennifer,Vaughn
1896,Terry,Edmisten
1896,Terry,Charles
1896,Terry,Fellman
1896,Terry,Vaughn
1896,Chad,Edmisten
1896,Chad,Charles
1896,Chad,Fellman
1896,Chad,Vaughn
1896,Cindy,Edmisten
1896,Cindy,Charles
1896,Cindy,Fellman
1896,Cindy,Vaughn
1898,Justin,Martins
1898,Justin,Barroso
1898,Justin,Leclair
1898,Justin,Oneal
1898,Stuart,Martins
1898,Stuart,Barroso
1898,Stuart,Leclair
1898,Stuart,Oneal
1898,Charles,Martins
1898,Charles,Barroso
1898,Charles,Leclair
1898,Charles,Oneal
1898,Janie,Martins
1898,Janie,Barroso
1898,Janie,Leclair
1898,Janie,Oneal
1904,Raymond,Newkirk
1904,Raymond,Warner
1904,Raymond,Lizardi
1904,Robert,Newkirk
1904,Robert,Warner
1904,Robert,Lizardi
1904,Barbara,Newkirk
1904,Barbara,Warner
1904,Barbara,Lizardi
1905,Ali,Diaz
1908,Patricia,Patterson
1916,Willie,Cody
1916,Willie,Daniel
1916,Luther,Cody
1916,Luther,Daniel
1922,Paul,Adams
1922,Paul,Bauer
1922,Robin,Adams
1922,Robin,Bauer
1923,Peggy,Sanchez
1923,Peggy,Campbell
1923,Peggy,Walters
1923,Peggy,Love
1923,Vicki,Sanchez
1923,Vicki,Campbell
1923,Vicki,Walters
1923,Vicki,Love
1923,Henry,Sanchez
1923,Henry,Campbell
1923,Henry,Walters
1923,Henry,Love
1923,Rick,Sanchez
1923,Rick,Campbell
1923,Rick,Walters
1923,Rick,Love
1925,Frances,Blum
1925,Frances,Johnson
1925,Mike,Blum
1925,Mike,Johnson
1936,Joseph,Calvert
1936,Joseph,Witek
1936,David,Calvert
1936,David,Witek
1943,Daniel,Klinger
1943,Daniel,Reeves
1943,Suzanne,Klinger
1943,Suzanne,Reeves
1945,Paul,Johnson
1945,Paul,Siegel
1945,Paul,Ehsan
1945,Flora,Johnson
1945,Flora,Siegel
1945,Flora,Ehsan
1945,Irma,Johnson
1945,Irma,Siegel
1945,Irma,Ehsan
1949,Martin,Franks
1949,Martin,Brown
1949,Martin,Robinette
1949,Edward,Franks
1949,Edward,Brown
1949,Edward,Robinette
1949,Barbara,Franks
1949,Barbara,Brown
1949,Barbara,Robinette
1950,John,Allen
1953,Harvey,Redden
1953,Harvey,Shouse
1953,Fannie,Redden
1953,Fannie,Shouse
1954,Edwin,Caraballo
1954,Edwin,Halloran
1954,Edwin,Petit
1954,Edwin,Caraballo
1954,Emma,Caraballo
1954,Emma,Halloran
1954,Emma,Petit
1954,Emma,Caraballo
1954,Elizabeth,Caraballo
1954,Elizabeth,Halloran
1954,Elizabeth,Petit
1954,Elizabeth,Caraballo
1954,Frances,Caraballo
1954,Frances,Halloran
1954,Frances,Petit
1954,Frances,Caraballo
1969,Sybil,Ward
1972,Lisa,Odom
1972,Lisa,Schuetze
1972,Jean,Odom
1972,Jean,Schuetze
1975,Kathy,Hein
1975,Kathy,Jones
1975,Bonnie,Hein
1975,Bonnie,Jones
1978,Diana,Capobianco
1978,Diana,Delorenzo
1978,Diana,Lamothe
1978,Diana,Filmore
1978,Cecile,Capobianco
1978,Cecile,Delorenzo
1978,Cecile,Lamothe
1978,Cecile,Filmore
1978,Evangeline,Capobianco
1978,Evangeline,Delorenzo
1978,Evangeline,Lamothe
1978,Evangeline,Filmore
1978,Courtney,Capobianco
1978,Courtney,Delorenzo
1978,Courtney,Lamothe
1978,Courtney,Filmore
1979,Wanda,August
1979,Wanda,Kato
1979,Wanda,Woods
1979,Wanda,Gustafson
1979,Dominic,August
1979,Dominic,Kato
1979,Dominic,Woods
1979,Dominic,Gustafson
1979,Deanne,August
1979,Deanne,Kato
1979,Deanne,Woods
1979,Deanne,Gustafson
1979,Luis,August
1979,Luis,Kato
1979,Luis,Woods
1979,Luis,Gustafson
1981,Krista,Johnson
1981,Krista,Mora
1981,Krista,Huskey
1981,Simona,Johnson
1981,Simona,Mora
1981,Simona,Huskey
1981,James,Johnson
1981,James,Mora
1981,James,Huskey
1983,Douglas,Howell
1985,Roberto,Gardner
1985,Roberto,Herrera
1985,Sarah,Gardner
1985,Sarah,Herrera
1988,Susan,Hipsher
1988,Susan,Nelson
1988,Susan,Morrison
1988,Susan,Dipasquale
1988,Joseph,Hipsher
1988,Joseph,Nelson
1988,Joseph,Morrison
1988,Joseph,Dipasquale
1988,Leonard,Hipsher
1988,Leonard,Nelson
1988,Leonard,Morrison
1988,Leonard,Dipasquale
1988,Guadalupe,Hipsher
1988,Guadalupe,Nelson
1988,Guadalupe,Morrison
1988,Guadalupe,Dipasquale
1989,Nicole,Peters
1989,Nicole,Wulff
1989,Nicole,Johnson
1989,Nicole,Weber
1989,William,Peters
1989,William,Wulff
1989,William,Johnson
1989,William,Weber
1989,Maxwell,Peters
1989,Maxwell,Wulff
1989,Maxwell,Johnson
1989,Maxwell,Weber
1989,Lan,Peters
1989,Lan,Wulff
1989,Lan,Johnson
1989,Lan,Weber
1995,Mildred,Whitehead
1998,David,Doire
1999,Dorothy,Pearson
1502,Kimberly,Smith
1502,Kimberly,Diaz
1502,John,Smith
1502,John,Diaz
1503,Laura,Lane
1503,Laura,Peterson
1503,Laura,Hostetler
1503,Laura,Crosten
1503,Fredrick,Lane
1503,Fredrick,Peterson
1503,Fredrick,Hostetler
1503,Fredrick,Crosten
1503,John,Lane
1503,John,Peterson
1503,John,Hostetler
1503,John,Crosten
1503,Mohamed,Lane
1503,Mohamed,Peterson
1503,Mohamed,Hostetler
1503,Mohamed,Crosten
1504,Deborah,Axtell
1504,Deborah,Hammons
1504,William,Axtell
1504,William,Hammons
1509,Evelyn,Ashley
1519,Joseph,Goodson
1519,Joseph,White
1519,Joseph,Fabert
1519,Amber,Goodson
1519,Amber,White
1519,Amber,Fabert
1519,Anna,Goodson
1519,Anna,White
1519,Anna,Fabert
1531,Herman,Oliphant
1531,Herman,Cato
1531,Herman,Szmidt
1531,Herman,Smith
1531,Gwendolyn,Oliphant
1531,Gwendolyn,Cato
1531,Gwendolyn,Szmidt
1531,Gwendolyn,Smith
1531,Timothy,Oliphant
1531,Timothy,Cato
1531,Timothy,Szmidt
1531,Timothy,Smith
1531,Barbara,Oliphant
1531,Barbara,Cato
1531,Barbara,Szmidt
1531,Barbara,Smith
1532,Robin,Lane
1532,Robin,Johnston
1532,Shirley,Lane
1532,Shirley,Johnston
1535,Walter,Hersha
1535,Walter,Urick
1535,Walter,Landis
1535,Walter,Crews
1535,Mario,Hersha
1535,Mario,Urick
1535,Mario,Landis
1535,Mario,Crews
1535,Dorothy,Hersha
1535,Dorothy,Urick
1535,Dorothy,Landis
1535,Dorothy,Crews
1535,Daniel,Hersha
1535,Daniel,Urick
1535,Daniel,Landis
1535,Daniel,Crews
1543,Michael,Souders
1543,Michael,Davis
1543,Michael,Fisher
1543,Ernie,Souders
1543,Ernie,Davis
1543,Ernie,Fisher
1543,James,Souders
1543,James,Davis
1543,James,Fisher
1544,Christopher,Mcclain
1546,Jason,Vaneck
1560,Charles,Greenbaum
1573,Steven,Tamayo
1573,Steven,Smith
1573,John,Tamayo
1573,John,Smith
1581,Jason,Elias
1581,Jason,Beauchamp
1581,Jason,Darnstaedt
1581,Jason,Meyer
1581,Joyce,Elias
1581,Joyce,Beauchamp
1581,Joyce,Darnstaedt
1581,Joyce,Meyer
1581,Juliette,Elias
1581,Juliette,Beauchamp
1581,Juliette,Darnstaedt
1581,Juliette,Meyer
1581,Jeremiah,Elias
1581,Jeremiah,Beauchamp
1581,Jeremiah,Darnstaedt
1581,Jeremiah,Meyer
1585,Stephanie,Tancredi
1585,Stephanie,Ripp
1585,Stephanie,Pruitt
1585,Peggy,Tancredi
1585,Peggy,Ripp
1585,Peggy,Pruitt
1585,Lucien,Tancredi
1585,Lucien,Ripp
1585,Lucien,Pruitt
1594,Ana,Smith
1594,Ana,Easter
1594,William,Smith
1594,William,Easter
1600,Thomas,Stover
1600,Thomas,Williams
1600,Christina,Stover
1600,Christina,Williams
1601,Mark,Turner
1601,Mark,Fobes
1601,David,Turner
1601,David,Fobes
1605,Jennifer,Nolasco
1605,Jennifer,Banks
1605,Robert,Nolasco
1605,Robert,Banks
1609,Joyce,Battaglia
1611,Lewis,Esqueda
1622,Mary,Baker
1622,Mary,Meza
1622,Steven,Baker
1622,Steven,Meza
1625,Katherine,Lollis
1625,Katherine,Baxter
1625,Katherine,Cook
1625,Patricia,Lollis
1625,Patricia,Baxter
1625,Patricia,Cook
1625,Lora,Lollis
1625,Lora,Baxter
1625,Lora,Cook
1627,Monika,Nicholson
1631,Kristin,Owens
1631,Kristin,Yeargin
1631,Kristin,Baerga
1631,Martha,Owens
1631,Martha,Yeargin
1631,Martha,Baerga
1631,Linda,Owens
1631,Linda,Yeargin
1631,Linda,Baerga
1636,Ian,Osei
1636,Ian,Aadland
1636,Ian,Manns
1636,Ian,Burke
1636,Reginald,Osei
1636,Reginald,Aadland
1636,Reginald,Manns
1636,Reginald,Burke
1636,Jeffrey,Osei
1636,Jeffrey,Aadland
1636,Jeffrey,Manns
1636,Jeffrey,Burke
1636,Belinda,Osei
1636,Belinda,Aadland
1636,Belinda,Manns
1636,Belinda,Burke
1637,Elizabeth,Penttila
1637,Elizabeth,Pettis
1637,Elizabeth,Engle
1637,Elizabeth,Thompson
1637,Paul,Penttila
1637,Paul,Pettis
1637,Paul,Engle
1637,Paul,Thompson
1637,Robin,Penttila
1637,Robin,Pettis
1637,Robin,Engle
1637,Robin,Thompson
1637,Herbert,Penttila
1637,Herbert,Pettis
1637,Herbert,Engle
1637,Herbert,Thompson
1638,Alan,Chagnon
1638,Alan,Graham
1638,Alan,Jones
1638,Alan,Parker
1638,Amy,Chagnon
1638,Amy,Graham
1638,Amy,Jones
1638,Amy,Parker
1638,Tonya,Chagnon
1638,Tonya,Graham
1638,Tonya,Jones
1638,Tonya,Parker
1638,Jo,Chagnon
1638,Jo,Graham
1638,Jo,Jones
1638,Jo,Parker
1647,Kristen,Savoie
1647,Kristen,Helgeson
1647,Kristen,Jensen
1647,Araceli,Savoie
1647,Araceli,Helgeson
1647,Araceli,Jensen
1647,Martha,Savoie
1647,Martha,Helgeson
1647,Martha,Jensen
1650,Matthew,Keller
1650,Matthew,Walters
1650,Matthew,Johnson
1650,Ricardo,Keller
1650,Ricardo,Walters
1650,Ricardo,Johnson
1650,Carolyn,Keller
1650,Carolyn,Walters
1650,Carolyn,Johnson
1652,Edward,Rusko
1652,Edward,Bartoletti
1652,Rudolph,Rusko
1652,Rudolph,Bartoletti
1675,Rose,Barrow
1675,Rose,Dicarlo
1675,Rose,Dillingham
1675,Michael,Barrow
1675,Michael,Dicarlo
1675,Michael,Dillingham
1675,Sara,Barrow
1675,Sara,Dicarlo
1675,Sara,Dillingham
1679,Jacob,Jones
1679,Jacob,Page
1679,William,Jones
1679,William,Page
1689,Jennifer,Riblett
1689,Jennifer,Lord
1689,Marcus,Riblett
1689,Marcus,Lord
1709,James,Smith
1709,James,Patterson
1709,Robert,Smith
1709,Robert,Patterson
1716,Andrew,Quezad
1716,Andrew,Boggess
1716,Andrew,Fontenette
1716,Marie,Quezad
1716,Marie,Boggess
1716,Marie,Fontenette
1716,Rodney,Quezad
1716,Rodney,Boggess
1716,Rodney,Fontenette
1717,Wesley,Fuentes
1717,Wesley,Horton
1717,Wesley,Moseley
1717,Wesley,Jackson
1717,Vincent,Fuentes
1717,Vincent,Horton
1717,Vincent,Moseley
1717,Vincent,Jackson
1717,Clyde,Fuentes
1717,Clyde,Horton
1717,Clyde,Moseley
1717,Clyde,Jackson
1717,Carson,Fuentes
1717,Carson,Horton
1717,Carson,Moseley
1717,Carson,Jackson
1718,Paul,Cronin
1718,Paul,Salazar
1718,Rene,Cronin
1718,Rene,Salazar
1729,Josephine,Santoro
1729,Josephine,Litton
1729,William,Santoro
1729,William,Litton
1732,Ruby,Middlebrook
1732,Ruby,Valencia
1732,Ruby,Putnam
1732,Ruby,Joslyn
1732,Susan,Middlebrook
1732,Susan,Valencia
1732,Susan,Putnam
1732,Susan,Joslyn
1732,Douglas,Middlebrook
1732,Douglas,Valencia
1732,Douglas,Putnam
1732,Douglas,Joslyn
1732,Ressie,Middlebrook
1732,Ressie,Valencia
1732,Ressie,Putnam
1732,Ressie,Joslyn
1741,Joann,Meadows
1741,Joann,Jones
1741,Joann,Lopes
1741,Joann,Jackson
1741,Joyce,Meadows
1741,Joyce,Jones
1741,Joyce,Lopes
1741,Joyce,Jackson
1741,Eduardo,Meadows
1741,Eduardo,Jones
1741,Eduardo,Lopes
1741,Eduardo,Jackson
1741,Richard,Meadows
1741,Richard,Jones
1741,Richard,Lopes
1741,Richard,Jackson
1742,George,Quintana
1745,Marlon,Rodriguez
1745,Marlon,Grammer
1745,Marlon,Ho
1745,Richard,Rodriguez
1745,Richard,Grammer
1745,Richard,Ho
1745,Rose,Rodriguez
1745,Rose,Grammer
1745,Rose,Ho
1751,Stacey,Wright
1751,Stacey,Greene
1751,Stacey,Knowles
1751,Glen,Wright
1751,Glen,Greene
1751,Glen,Knowles
1751,Lloyd,Wright
1751,Lloyd,Greene
1751,Lloyd,Knowles
1757,Dana,Barriere
1757,Dana,Hoffman
1757,Enrique,Barriere
1757,Enrique,Hoffman
1759,Robert,Cramer
1759,Robert,Mccorry
1759,Barbara,Cramer
1759,Barbara,Mccorry
1763,Rebecca,Ballew
1763,Rebecca,Spueler
1763,Debbie,Ballew
1763,Debbie,Spueler
1775,Blanca,Tagliarini
1775,Blanca,Smith
1775,Blanca,Diggs
1775,Eddie,Tagliarini
1775,Eddie,Smith
1775,Eddie,Diggs
1775,Michael,Tagliarini
1775,Michael,Smith
1775,Michael,Diggs
1776,Mikel,Glickman
1776,Mikel,Garza
1776,Ben,Glickman
1776,Ben,Garza
1781,Marsha,Fowler
1781,Marsha,Littlefield
1781,Josephine,Fowler
1781,Josephine,Littlefield
1792,David,Wells
1792,David,Cavanagh
1792,David,Wood
1792,David,Swanson
1792,Roosevelt,Wells
1792,Roosevelt,Cavanagh
1792,Roosevelt,Wood
1792,Roosevelt,Swanson
1792,Wilbur,Wells
1792,Wilbur,Cavanagh
1792,Wilbur,Wood
1792,Wilbur,Swanson
1792,Ellis,Wells
1792,Ellis,Cavanagh
1792,Ellis,Wood
1792,Ellis,Swanson
1796,Dianne,Opperman
1796,Dianne,Robinette
1796,Rachael,Opperman
1796,Rachael,Robinette
1797,Stuart,Douglas
1799,Timothy,Greer
1803,Joshua,Murphy
1803,Joshua,Beauford
1803,Joshua,Collura
1803,Cynthia,Murphy
1803,Cynthia,Beauford
1803,Cynthia,Collura
1803,Peter,Murphy
1803,Peter,Beauford
1803,Peter,Collura
1809,Marie,Davis
1809,Marie,Odoms
1809,Marie,Zavala
1809,Marie,Lee
1809,Ashlyn,Davis
1809,Ashlyn,Odoms
1809,Ashlyn,Zavala
1809,Ashlyn,Lee
1809,Catherine,Davis
1809,Catherine,Odoms
1809,Catherine,Zavala
1809,Catherine,Lee
1809,Sharon,Davis
1809,Sharon,Odoms
1809,Sharon,Zavala
1809,Sharon,Lee
1833,Jack,Christian
1833,Jack,Perez
1833,John,Christian
1833,John,Perez
1844,Janis,Joseph
1848,Christopher,Harms
1848,Christopher,Smith
1848,Adrienne,Harms
1848,Adrienne,Smith
1854,James,Carter
1854,James,Wilson
1854,James,Miller
1854,Brett,Carter
1854,Brett,Wilson
1854,Brett,Miller
1854,Amanda,Carter
1854,Amanda,Wilson
1854,Amanda,Miller
1863,Henrietta,Thompson
1866,Jessica,Vasquez
1866,Jessica,Bosley
1866,Judy,Vasquez
1866,Judy,Bosley
1874,Anne,Blake
1874,Anne,Johnson
1874,John,Blake
1874,John,Johnson
1877,Arthur,Navarro
1877,Arthur,Ellis
1877,James,Navarro
1877,James,Ellis
1882,Michael,Brewer
1884,Peter,Sturgis
1884,Peter,Pino
1884,Peter,Martin
1884,Peter,Ferrara
1884,Margaret,Sturgis
1884,Margaret,Pino
1884,Margaret,Martin
1884,Margaret,Ferrara
1884,George,Sturgis
1884,George,Pino
1884,George,Martin
1884,George,Ferrara
1884,Elizabeth,Sturgis
1884,Elizabeth,Pino
1884,Elizabeth,Martin
1884,Elizabeth,Ferrara
1888,Christopher,Soto
1888,Christopher,Zelechowski
1888,Christopher,Boyter
1888,Marilyn,Soto
1888,Marilyn,Zelechowski
1888,Marilyn,Boyter
1888,Anthony,Soto
1888,Anthony,Zelechowski
1888,Anthony,Boyter
1890,Lorraine,Cavett
1890,Lorraine,Sheridan
1890,Luke,Cavett
1890,Luke,Sheridan
1893,John,Coleman
1893,John,Daugherty
1893,John,Gordon
1893,Nilsa,Coleman
1893,Nilsa,Daugherty
1893,Nilsa,Gordon
1893,Claire,Coleman
1893,Claire,Daugherty
1893,Claire,Gordon
1899,Felipe,Castro
1910,Katherine,Whelton
1910,Katherine,Vandusen
1910,Katherine,Hitchcock
1910,Hugh,Whelton
1910,Hugh,Vandusen
1910,Hugh,Hitchcock
1910,Lauren,Whelton
1910,Lauren,Vandusen
1910,Lauren,Hitchcock
1912,Albert,Buchauer
1912,Albert,Coram
1912,Roy,Buchauer
1912,Roy,Coram
1924,Laura,Gray
1924,Laura,Wilner
1924,Mary,Gray
1924,Mary,Wilner
1928,David,Gerhart
1928,David,Martin
1928,David,Gerhart
1928,David,Martin
1932,Eugene,Falconio
1932,Eugene,Parham
1932,Eugene,Lauritzen
1932,Eugene,Martinez
1932,Adele,Falconio
1932,Adele,Parham
1932,Adele,Lauritzen
1932,Adele,Martinez
1932,Wesley,Falconio
1932,Wesley,Parham
1932,Wesley,Lauritzen
1932,Wesley,Martinez
1932,Susan,Falconio
1932,Susan,Parham
1932,Susan,Lauritzen
1932,Susan,Martinez
1937,Martha,Chaney
1937,Martha,Wilson
1937,Martha,Turrentine
1937,Noel,Chaney
1937,Noel,Wilson
1937,Noel,Turrentine
1937,Ashlie,Chaney
1937,Ashlie,Wilson
1937,Ashlie,Turrentine
1970,Linda,Phillips
1986,Kyle,Diaz
1986,Kyle,Catledge
1986,Kyle,Beasley
1986,Kenneth,Diaz
1986,Kenneth,Catledge
1986,Kenneth,Beasley
1986,Lula,Diaz
1986,Lula,Catledge
1986,Lula,Beasley
1991,Gene,Frank
1991,Gene,Dooley
1991,Gene,Kadlec
1991,David,Frank
1991,David,Dooley
1991,David,Kadlec
1991,Richard,Frank
1991,Richard,Dooley
1991,Richard,Kadlec
1994,Judith,Allison
1997,Harlan,Ostrowski
1997,Harlan,Martinez
1997,Harlan,Schenk
1997,Harlan,Brewer
1997,Michael,Ostrowski
1997,Michael,Martinez
1997,Michael,Schenk
1997,Michael,Brewer
1997,Mary,Ostrowski
1997,Mary,Martinez
1997,Mary,Schenk
1997,Mary,Brewer
1997,Ruth,Ostrowski
1997,Ruth,Martinez
1997,Ruth,Schenk
1997,Ruth,Brewer
1521,Tom,Porat
1540,Timothy,Wilkinson
1540,Timothy,Oliveras
1540,Pauline,Wilkinson
1540,Pauline,Oliveras
1548,Cathy,Cruz
1548,Cathy,Merritt
1548,John,Cruz
1548,John,Merritt
1552,Marg,Reed
1554,Julie,Wallace
1554,Julie,Holley
1554,Julie,Bailey
1554,Abraham,Wallace
1554,Abraham,Holley
1554,Abraham,Bailey
1554,Justin,Wallace
1554,Justin,Holley
1554,Justin,Bailey
1574,Thomas,Hoskins
1574,Thomas,Maxwell
1574,Thomas,Marshall
1574,Thaddeus,Hoskins
1574,Thaddeus,Maxwell
1574,Thaddeus,Marshall
1574,Delores,Hoskins
1574,Delores,Maxwell
1574,Delores,Marshall
1576,Doris,Anderson
1599,Barbara,Robinson
1610,Albert,Lemmo
1620,Matthew,Atkins
1620,Matthew,Jackson
1620,Carol,Atkins
1620,Carol,Jackson
1623,Ross,Riggins
1623,Ross,Mcgee
1623,Maria,Riggins
1623,Maria,Mcgee
1639,Kimberly,Dykes
1664,Scott,Chadwick
1685,Frederick,Cupit
1685,Frederick,Hammond
1685,Gerard,Cupit
1685,Gerard,Hammond
1688,Daniel,Aguirre
1691,Al,Arce
1691,Al,Franklin
1691,John,Arce
1691,John,Franklin
1694,Hazel,Mckenney
1696,Ryan,Demello
1696,Ryan,Scott
1696,Nancy,Demello
1696,Nancy,Scott
1733,Nancy,Waterfall
1738,April,Spooner
1738,April,Vanderlinden
1738,April,Harris
1738,Ernest,Spooner
1738,Ernest,Vanderlinden
1738,Ernest,Harris
1738,Anne,Spooner
1738,Anne,Vanderlinden
1738,Anne,Harris
1739,Robert,Hurst
1739,Robert,Walsh
1739,Robert,Gilbert
1739,Christine,Hurst
1739,Christine,Walsh
1739,Christine,Gilbert
1739,Earline,Hurst
1739,Earline,Walsh
1739,Earline,Gilbert
1761,Christopher,Hayes
1761,Christopher,Roddy
1761,Christopher,Smith
1761,Christopher,Pena
1761,Pearl,Hayes
1761,Pearl,Roddy
1761,Pearl,Smith
1761,Pearl,Pena
1761,Marco,Hayes
1761,Marco,Roddy
1761,Marco,Smith
1761,Marco,Pena
1761,Charlene,Hayes
1761,Charlene,Roddy
1761,Charlene,Smith
1761,Charlene,Pena
1769,Angel,Meeks
1807,Donna,Ringel
1808,Justin,Chinn
1808,Justin,Mendoza
1808,Justin,Lundberg
1808,Paul,Chinn
1808,Paul,Mendoza
1808,Paul,Lundberg
1808,Ryan,Chinn
1808,Ryan,Mendoza
1808,Ryan,Lundberg
1810,Remona,Ngo
1810,Remona,Rahim
1810,Remona,Bookhardt
1810,Remona,Mehling
1810,David,Ngo
1810,David,Rahim
1810,David,Bookhardt
1810,David,Mehling
1810,Edward,Ngo
1810,Edward,Rahim
1810,Edward,Bookhardt
1810,Edward,Mehling
1810,Eddie,Ngo
1810,Eddie,Rahim
1810,Eddie,Bookhardt
1810,Eddie,Mehling
1818,Stefan,Hill
1824,Vince,Chiang
1825,Frank,Carrara
1825,Frank,Mason
1825,Tanya,Carrara
1825,Tanya,Mason
1838,Johnny,Baird
1838,Johnny,Allen
1838,Johnny,Roberto
1838,Margaret,Baird
1838,Margaret,Allen
1838,Margaret,Roberto
1838,Charles,Baird
1838,Charles,Allen
1838,Charles,Roberto
1864,Tiffany,Londo
1864,Tiffany,Lyman
1864,Tiffany,Brown
1864,Tiffany,Roberts
1864,Joel,Londo
1864,Joel,Lyman
1864,Joel,Brown
1864,Joel,Roberts
1864,Mark,Londo
1864,Mark,Lyman
1864,Mark,Brown
1864,Mark,Roberts
1864,Richard,Londo
1864,Richard,Lyman
1864,Richard,Brown
1864,Richard,Roberts
1870,Tami,Terhune
1883,Rosie,Ledford
1892,Glenn,Syphers
1892,Glenn,Lewis
1892,Glenn,Hart
1892,Joann,Syphers
1892,Joann,Lewis
1892,Joann,Hart
1892,Timmy,Syphers
1892,Timmy,Lewis
1892,Timmy,Hart
1901,Sidney,Hager
1919,Janelle,Mcrae
1919,Janelle,Schulz
1919,Janelle,Toth
1919,Susan,Mcrae
1919,Susan,Schulz
1919,Susan,Toth
1919,Yvonne,Mcrae
1919,Yvonne,Schulz
1919,Yvonne,Toth
1926,Rosa,Monson
1948,Hector,Goodwin
1948,Hector,Guice
1948,Hector,Roehl
1948,Hector,Dominguez
1948,Norma,Goodwin
1948,Norma,Guice
1948,Norma,Roehl
1948,Norma,Dominguez
1948,Harry,Goodwin
1948,Harry,Guice
1948,Harry,Roehl
1948,Harry,Dominguez
1948,Katherine,Goodwin
1948,Katherine,Guice
1948,Katherine,Roehl
1948,Katherine,Dominguez
1952,Jacqueline,Bowman
1952,Jacqueline,Diercks
1952,Jacqueline,Schmidt
1952,Maria,Bowman
1952,Maria,Diercks
1952,Maria,Schmidt
1952,Brittany,Bowman
1952,Brittany,Diercks
1952,Brittany,Schmidt
1961,Shirley,Guido
1961,Shirley,Jennings
1961,Shirley,Reed
1961,Shirley,Wilhoit
1961,James,Guido
1961,James,Jennings
1961,James,Reed
1961,James,Wilhoit
1961,Davis,Guido
1961,Davis,Jennings
1961,Davis,Reed
1961,Davis,Wilhoit
1961,Thomas,Guido
1961,Thomas,Jennings
1961,Thomas,Reed
1961,Thomas,Wilhoit
1971,Kourtney,Brothers
1971,Kourtney,Reyes
1971,Kourtney,Davis
1971,Kourtney,Valenzuela
1971,Samantha,Brothers
1971,Samantha,Reyes
1971,Samantha,Davis
1971,Samantha,Valenzuela
1971,Charles,Brothers
1971,Charles,Reyes
1971,Charles,Davis
1971,Charles,Valenzuela
1971,Margaret,Brothers
1971,Margaret,Reyes
1971,Margaret,Davis
1971,Margaret,Valenzuela
1974,Christine,Valenzuela
1512,George,Lopez
1512,George,Radcliff
1512,George,Jones
1512,Lindy,Lopez
1512,Lindy,Radcliff
1512,Lindy,Jones
1512,Ruth,Lopez
1512,Ruth,Radcliff
1512,Ruth,Jones
1533,June,Bergmark
1533,June,Muffley
1533,June,Short
1533,Catherine,Bergmark
1533,Catherine,Muffley
1533,Catherine,Short
1533,Geneva,Bergmark
1533,Geneva,Muffley
1533,Geneva,Short
1590,Michael,Pichler
1590,Michael,Phillips
1590,Joyce,Pichler
1590,Joyce,Phillips
1615,David,Baird
1615,David,Gomez
1615,David,Bishop
1615,David,Limerick
1615,Kristen,Baird
1615,Kristen,Gomez
1615,Kristen,Bishop
1615,Kristen,Limerick
1615,Jesus,Baird
1615,Jesus,Gomez
1615,Jesus,Bishop
1615,Jesus,Limerick
1615,Glenn,Baird
1615,Glenn,Gomez
1615,Glenn,Bishop
1615,Glenn,Limerick
1618,Douglas,Sanchez
1633,Carol,Ulatowski
1633,Carol,Speicher
1633,Carol,Cofield
1633,Mary,Ulatowski
1633,Mary,Speicher
1633,Mary,Cofield
1633,Marilyn,Ulatowski
1633,Marilyn,Speicher
1633,Marilyn,Cofield
1649,Donna,Edmundson
1649,Donna,Crabtree
1649,Lacy,Edmundson
1649,Lacy,Crabtree
1655,Carolyn,Brink
1655,Carolyn,Pair
1655,Felicia,Brink
1655,Felicia,Pair
1678,Wayne,Merchant
1708,Maria,Brown
1708,Maria,Kang
1708,Jennifer,Brown
1708,Jennifer,Kang
1710,Molly,Giannetti
1710,Molly,Mcpherson
1710,Jason,Giannetti
1710,Jason,Mcpherson
1728,Thomas,Mclaughlin
1728,Thomas,Howell
1728,Thomas,Nicholas
1728,Thomas,Thompson
1728,Bonnie,Mclaughlin
1728,Bonnie,Howell
1728,Bonnie,Nicholas
1728,Bonnie,Thompson
1728,Georgia,Mclaughlin
1728,Georgia,Howell
1728,Georgia,Nicholas
1728,Georgia,Thompson
1728,Dorothy,Mclaughlin
1728,Dorothy,Howell
1728,Dorothy,Nicholas
1728,Dorothy,Thompson
1747,Branda,Madson
1747,Branda,Romriell
1747,Mary,Madson
1747,Mary,Romriell
1780,Oma,Hare
1780,Oma,Sigman
1780,Walter,Hare
1780,Walter,Sigman
1789,Bridget,Ponzi
1789,Bridget,Lake
1789,James,Ponzi
1789,James,Lake
1801,Dolores,Kitchens
1801,Dolores,Eplin
1801,Judy,Kitchens
1801,Judy,Eplin
1812,Derrick,Donis
1812,Derrick,Morris
1812,Derrick,Payne
1812,Richard,Donis
1812,Richard,Morris
1812,Richard,Payne
1812,Sarah,Donis
1812,Sarah,Morris
1812,Sarah,Payne
1835,Thomas,Kaplan
1835,Thomas,Meads
1835,Thomas,Young
1835,Thomas,Aho
1835,Chris,Kaplan
1835,Chris,Meads
1835,Chris,Young
1835,Chris,Aho
1835,Kimberly,Kaplan
1835,Kimberly,Meads
1835,Kimberly,Young
1835,Kimberly,Aho
1835,Michael,Kaplan
1835,Michael,Meads
1835,Michael,Young
1835,Michael,Aho
1847,Gary,Chambley
1851,Esther,Pearson
1851,Esther,Fuller
1851,Anne,Pearson
1851,Anne,Fuller
1856,Fermina,Hawkins
1856,Fermina,Mims
1856,Mary,Hawkins
1856,Mary,Mims
1872,Brad,Scott
1872,Brad,Fortier
1872,Brad,Nguyen
1872,Brad,Koerner
1872,Cindy,Scott
1872,Cindy,Fortier
1872,Cindy,Nguyen
1872,Cindy,Koerner
1872,Levi,Scott
1872,Levi,Fortier
1872,Levi,Nguyen
1872,Levi,Koerner
1872,Christina,Scott
1872,Christina,Fortier
1872,Christina,Nguyen
1872,Christina,Koerner
1903,Ramona,Hugo
1920,David,Queen
1941,George,Wangberg
1941,George,Brennan
1941,George,Pinard
1941,George,Dillingham
1941,Tonya,Wangberg
1941,Tonya,Brennan
1941,Tonya,Pinard
1941,Tonya,Dillingham
1941,Sherrie,Wangberg
1941,Sherrie,Brennan
1941,Sherrie,Pinard
1941,Sherrie,Dillingham
1941,Andrew,Wangberg
1941,Andrew,Brennan
1941,Andrew,Pinard
1941,Andrew,Dillingham
1955,Alton,Robinson
1955,Alton,Wright
1955,Terry,Robinson
1955,Terry,Wright
1956,Rosie,Barton
1967,William,Pless
1967,William,Skees
1967,William,Edgeworth
1967,John,Pless
1967,John,Skees
1967,John,Edgeworth
1967,Consuelo,Pless
1967,Consuelo,Skees
1967,Consuelo,Edgeworth
1973,William,Mcclendon
1973,William,Howard
1973,William,Aste
1973,William,Perkins
1973,Beth,Mcclendon
1973,Beth,Howard
1973,Beth,Aste
1973,Beth,Perkins
1973,Matthew,Mcclendon
1973,Matthew,Howard
1973,Matthew,Aste
1973,Matthew,Perkins
1973,Myrle,Mcclendon
1973,Myrle,Howard
1973,Myrle,Aste
1973,Myrle,Perkins
1980,David,Degasperis
1980,David,Hamilton
1980,Carrie,Degasperis
1980,Carrie,Hamilton
1984,Manuela,Morrow
1984,Manuela,Coates
1984,Alexander,Morrow
1984,Alexander,Coates
1545,Lisa,Perez
1545,Lisa,Martinez
1545,Lise,Perez
1545,Lise,Martinez
1577,Christine,Dagley
1577,Christine,Brown
1577,Natasha,Dagley
1577,Natasha,Brown
1606,Helen,Montgomery
1614,Lauren,Mcdowell
1614,Lauren,Craghead
1614,Mattie,Mcdowell
1614,Mattie,Craghead
1617,James,Roberts
1641,Dwight,Cowan
1641,Dwight,Adame
1641,Carol,Cowan
1641,Carol,Adame
1642,Amanda,Novak
1684,Kelvin,Murray
1684,Kelvin,Davis
1684,Brenda,Murray
1684,Brenda,Davis
1687,Julia,French
1687,Julia,Salano
1687,Julia,Denger
1687,Julia,Willingham
1687,Ronald,French
1687,Ronald,Salano
1687,Ronald,Denger
1687,Ronald,Willingham
1687,Liana,French
1687,Liana,Salano
1687,Liana,Denger
1687,Liana,Willingham
1687,Thomas,French
1687,Thomas,Salano
1687,Thomas,Denger
1687,Thomas,Willingham
1720,Joe,Lin
1725,Mary,Konecny
1767,Billie,Purdom
1786,Irene,Cook
1786,Irene,Whatley
1786,Amy,Cook
1786,Amy,Whatley
1802,Shawn,Whatley
1839,Sarah,Culbreath
1839,Sarah,Douthit
1839,Ross,Culbreath
1839,Ross,Douthit
1853,Samuel,Wolff
1853,Samuel,Agrela
1853,Samuel,Bartel
1853,Dean,Wolff
1853,Dean,Agrela
1853,Dean,Bartel
1853,Kelsi,Wolff
1853,Kelsi,Agrela
1853,Kelsi,Bartel
1876,Maria,Ryan
1933,Ellen,Gray
1947,Bonnie,Warren
1962,Kim,Rocha
1962,Kim,Shook
1962,Kevin,Rocha
1962,Kevin,Shook
1963,John,Warner
1992,Barbara,Jackson
1508,Nicole,Mckinney
1518,Eric,Funke
1518,Eric,Johnson
1518,Eric,Williams
1518,Lynn,Funke
1518,Lynn,Johnson
1518,Lynn,Williams
1518,David,Funke
1518,David,Johnson
1518,David,Williams
1556,Delbert,Gibson
1567,Grace,Jones
1567,Grace,Lemieux
1567,Grace,Howard
1567,Maria,Jones
1567,Maria,Lemieux
1567,Maria,Howard
1567,Ruby,Jones
1567,Ruby,Lemieux
1567,Ruby,Howard
1597,James,Whitman
1597,James,Huckleberry
1597,James,Mcintyre
1597,James,Kelly
1597,Irma,Whitman
1597,Irma,Huckleberry
1597,Irma,Mcintyre
1597,Irma,Kelly
1597,Steven,Whitman
1597,Steven,Huckleberry
1597,Steven,Mcintyre
1597,Steven,Kelly
1597,Stephen,Whitman
1597,Stephen,Huckleberry
1597,Stephen,Mcintyre
1597,Stephen,Kelly
1692,Taylor,Villa
1707,Tammy,Paull
1744,Kristian,Hartline
1744,Kristian,Logan
1744,Dennis,Hartline
1744,Dennis,Logan
1768,Benny,Villa
1798,Daniel,Bookwalter
1800,Jason,Chavez
1827,Dorothy,Stephan
1834,Clair,Miller
1834,Clair,Harrell
1834,Lionel,Miller
1834,Lionel,Harrell
1850,Meghan,Vernon
1879,Jennifer,Klingel
1909,Wilma,Shelton
1913,Ann,Smith
1934,Julia,Marshall
1939,Grace,Malik
1958,Mona,Clark
1564,Joshua,Moss
1632,Brian,Lee
1672,Willie,Michael
1672,Willie,Abrams
1672,Chad,Michael
1672,Chad,Abrams
1681,Norman,Shuford
1702,Michael,Hughes
1724,Bradley,Oliver
1724,Bradley,Black
1724,Jennifer,Oliver
1724,Jennifer,Black
1734,Ricardo,Cook
1752,Velma,Wilburn
1830,Rosa,Estrella
1830,Rosa,Stanley
1830,Reta,Estrella
1830,Reta,Stanley
1887,Edward,Mcbride
1907,Deborah,Knopp
1907,Deborah,Chaisson
1907,Sylvester,Knopp
1907,Sylvester,Chaisson
1921,Helen,Dean
1942,Donald,Aleo
1942,Donald,Watson
1942,William,Aleo
1942,William,Watson
1506,Gladys,Guerra
1506,Gladys,Hamm
1506,Jose,Guerra
1506,Jose,Hamm
1563,Beatris,Perry
1695,Gilda,Saunders
1858,Matthew,Stokes
1938,Ruth,Samuels
1938,Ruth,Reilly
1938,Nicole,Samuels
1938,Nicole,Reilly
1959,Micheal,Hanna
1959,Micheal,Poulson
1959,Michael,Hanna
1959,Michael,Poulson
1626,Lawrence,Dillard
1906,Carl,Duffy
1703,Sulema,Jones
1944,Robert,Barton
